0,1,1,1,1,1,,
0,2,1,1,2,1,,
0,13,0,1,13,0,,
0,14,0,1,14,0,,
0,32,1,1,32,1,,
0,33,1,1,33,1,,
0,34,1,1,34,1,,
0,35,1,1,35,1,,
0,43,0,1,43,0,,
0,44,0,1,44,0,,
0,48,0,1,48,0,,
0,49,0,1,49,0,,
1,0,1,1,1,1,,
1,1,0,1,1,1,,
1,1,1,2,1,1,,
1,1,1,1,2,1,,
1,2,0,1,2,1,,
1,2,1,2,2,1,,
1,2,1,1,3,1,,
1,6,0,2,6,0,,
1,6,1,2,6,1,,
1,7,0,2,7,0,,
1,7,1,2,7,1,,
1,8,0,2,8,0,,
1,8,1,2,8,1,,
1,9,0,2,9,0,,
1,9,1,2,9,1,,
1,12,0,1,13,0,,
1,13,0,2,13,0,,
1,13,0,1,14,0,,
1,13,0,1,13,1,,
1,14,0,2,14,0,,
1,14,0,1,15,0,,
1,14,0,1,14,1,,
1,14,1,2,14,1,,
1,15,1,2,15,1,,
1,16,1,2,16,1,,
1,17,1,2,17,1,,
1,21,1,2,21,1,,
1,22,1,2,22,1,,
1,25,0,2,25,0,,
1,25,1,2,25,1,,
1,26,0,2,26,0,,
1,26,1,2,26,1,,
1,27,0,2,27,0,,
1,28,0,2,28,0,,
1,31,1,1,32,1,,
1,32,0,1,32,1,,
1,32,1,2,32,1,,
1,32,1,1,33,1,,
1,33,0,1,33,1,,
1,33,1,2,33,1,,
1,33,1,1,34,1,,
1,34,0,1,34,1,,
1,34,1,2,34,1,,
1,34,1,1,35,1,,
1,35,0,1,35,1,,
1,35,1,2,35,1,,
1,35,1,1,36,1,,
1,36,0,2,36,0,,
1,37,0,2,37,0,,
1,42,0,1,43,0,,
1,43,0,2,43,0,,
1,43,0,1,44,0,,
1,43,0,1,43,1,,
1,44,0,2,44,0,,
1,44,0,1,45,0,,
1,44,0,1,44,1,,
1,47,0,1,48,0,,
1,48,0,2,48,0,,
1,48,0,1,49,0,,
1,48,0,1,48,1,,
1,49,0,2,49,0,,
1,49,0,1,50,0,,
1,49,0,1,49,1,,
1,52,0,2,52,0,,
1,53,0,2,53,0,,
2,5,0,2,6,0,,
2,5,1,2,6,1,,
2,6,0,3,6,0,,
2,6,0,2,7,0,,
2,6,0,2,6,1,,
2,6,1,3,6,1,,
2,6,1,2,7,1,,
2,7,0,3,7,0,,
2,7,0,2,8,0,,
2,7,0,2,7,1,,
2,7,1,3,7,1,,
2,7,1,2,8,1,,
2,8,0,3,8,0,,
2,8,0,2,9,0,,
2,8,0,2,8,1,,
2,8,1,3,8,1,,
2,8,1,2,9,1,,
2,9,0,3,9,0,,
2,9,0,2,10,0,,
2,9,0,2,9,1,,
2,9,1,3,9,1,,
2,9,1,2,10,1,,
2,13,1,2,14,1,,
2,14,0,2,14,1,,
2,14,1,3,14,1,,
2,14,1,2,15,1,,
2,15,0,2,15,1,,
2,15,1,3,15,1,,
2,15,1,2,16,1,,
2,16,0,2,16,1,,
2,16,1,3,16,1,,
2,16,1,2,17,1,,
2,17,0,3,17,0,,
2,17,0,2,17,1,,
2,17,1,3,17,1,,
2,17,1,2,18,1,,
2,18,0,3,18,0,,
2,20,1,2,21,1,,
2,21,0,2,21,1,,
2,21,1,3,21,1,,
2,21,1,2,22,1,,
2,22,0,2,22,1,,
2,22,1,3,22,1,,
2,22,1,2,23,1,,
2,24,0,2,25,0,,
2,24,1,2,25,1,,
2,25,0,3,25,0,,
2,25,0,2,26,0,,
2,25,0,2,25,1,,
2,25,1,3,25,1,,
2,25,1,2,26,1,,
2,26,0,3,26,0,,
2,26,0,2,27,0,,
2,26,0,2,26,1,,
2,26,1,3,26,1,,
2,26,1,2,27,1,,
2,27,0,3,27,0,,
2,27,0,2,28,0,,
2,27,0,2,27,1,,
2,28,0,3,28,0,,
2,28,0,2,29,0,,
2,28,0,2,28,1,,
2,31,1,2,32,1,,
2,32,0,2,32,1,,
2,32,1,3,32,1,,
2,32,1,2,33,1,,
2,33,0,2,33,1,,
2,33,1,3,33,1,,
2,33,1,2,34,1,,
2,34,0,2,34,1,,
2,34,1,3,34,1,,
2,34,1,2,35,1,,
2,35,0,2,36,0,,
2,35,0,2,35,1,,
2,35,1,3,35,1,,
2,35,1,2,36,1,,
2,36,0,3,36,0,,
2,36,0,2,37,0,,
2,36,0,2,36,1,,
2,37,0,3,37,0,,
2,37,0,2,38,0,,
2,37,0,2,37,1,,
2,51,0,2,52,0,,
2,52,0,3,52,0,,
2,52,0,2,53,0,,
2,52,0,2,52,1,,
2,53,0,3,53,0,,
2,53,0,2,54,0,,
2,53,0,2,53,1,,
3,5,0,3,6,0,,
3,5,1,3,6,1,,
3,6,0,4,6,0,,
3,6,0,3,7,0,,
3,6,0,3,6,1,,
3,6,1,4,6,1,,
3,6,1,3,7,1,,
3,7,0,4,7,0,,
3,7,0,3,8,0,,
3,7,0,3,7,1,,
3,7,1,4,7,1,,
3,7,1,3,8,1,,
3,8,0,4,8,0,,
3,8,0,3,9,0,,
3,8,0,3,8,1,,
3,8,1,4,8,1,,
3,8,1,3,9,1,,
3,9,0,4,9,0,,
3,9,0,3,10,0,,
3,9,0,3,9,1,,
3,9,1,4,9,1,,
3,9,1,3,10,1,,
3,13,1,3,14,1,,
3,14,0,3,14,1,,
3,14,1,4,14,1,,
3,14,1,3,15,1,,
3,15,0,3,15,1,,
3,15,1,4,15,1,,
3,15,1,3,16,1,,
3,16,0,3,17,0,,
3,16,0,3,16,1,,
3,16,1,4,16,1,,
3,16,1,3,17,1,,
3,17,0,4,17,0,,
3,17,0,3,18,0,,
3,17,0,3,17,1,,
3,17,1,4,17,1,,
3,17,1,3,18,1,,
3,18,0,4,18,0,,
3,18,0,3,19,0,,
3,18,0,3,18,1,,
3,24,0,3,25,0,,
3,25,0,4,25,0,,
3,25,0,3,26,0,,
3,25,0,3,25,1,,
3,26,0,4,26,0,,
3,26,0,3,27,0,,
3,26,0,3,26,1,,
3,27,0,4,27,0,,
3,27,0,3,28,0,,
3,27,0,3,27,1,,
3,28,0,4,28,0,,
3,28,0,3,29,0,,
3,28,0,3,28,1,,
3,31,1,3,32,1,,
3,32,0,3,32,1,,
3,32,1,4,32,1,,
3,32,1,3,33,1,,
3,33,0,3,33,1,,
3,33,1,4,33,1,,
3,33,1,3,34,1,,
3,34,0,3,34,1,,
3,34,1,4,34,1,,
3,34,1,3,35,1,,
3,35,0,3,35,1,,
3,35,1,4,35,1,,
3,35,1,3,36,1,,
3,42,0,4,42,0,,
3,43,0,4,43,0,,
3,49,1,4,49,1,,
3,50,1,4,50,1,,
4,5,0,4,6,0,,
4,5,1,4,6,1,,
4,6,0,5,6,0,,
4,6,0,4,7,0,,
4,6,0,4,6,1,,
4,6,1,5,6,1,,
4,6,1,4,7,1,,
4,7,0,5,7,0,,
4,7,0,4,8,0,,
4,7,0,4,7,1,,
4,7,1,5,7,1,,
4,7,1,4,8,1,,
4,8,0,5,8,0,,
4,8,0,4,9,0,,
4,8,0,4,8,1,,
4,8,1,5,8,1,,
4,8,1,4,9,1,,
4,9,0,5,9,0,,
4,9,0,4,10,0,,
4,9,0,4,9,1,,
4,9,1,5,9,1,,
4,9,1,4,10,1,,
4,12,0,5,12,0,,
4,13,0,5,13,0,,
4,13,1,4,14,1,,
4,14,0,4,14,1,,
4,14,1,5,14,1,,
4,14,1,4,15,1,,
4,15,0,4,15,1,,
4,15,1,5,15,1,,
4,15,1,4,16,1,,
4,16,0,4,16,1,,
4,16,1,5,16,1,,
4,16,1,4,17,1,,
4,17,0,4,17,1,,
4,17,1,5,17,1,,
4,17,1,4,18,1,,
4,21,0,5,21,0,,
4,21,1,5,21,1,,
4,22,0,5,22,0,,
4,22,1,5,22,1,,
4,24,0,4,25,0,,
4,25,0,5,25,0,,
4,25,0,4,26,0,,
4,25,0,4,25,1,,
4,26,0,5,26,0,,
4,26,0,4,27,0,,
4,26,0,4,26,1,,
4,27,0,5,27,0,,
4,27,0,4,28,0,,
4,27,0,4,27,1,,
4,28,0,5,28,0,,
4,28,0,4,29,0,,
4,28,0,4,28,1,,
4,31,1,4,32,1,,
4,32,0,4,32,1,,
4,32,1,5,32,1,,
4,32,1,4,33,1,,
4,33,0,4,33,1,,
4,33,1,5,33,1,,
4,33,1,4,34,1,,
4,34,0,4,34,1,,
4,34,1,5,34,1,,
4,34,1,4,35,1,,
4,35,0,5,35,0,,
4,35,0,4,35,1,,
4,35,1,5,35,1,,
4,35,1,4,36,1,,
4,36,0,5,36,0,,
4,41,0,4,42,0,,
4,42,0,5,42,0,,
4,42,0,4,43,0,,
4,42,0,4,42,1,,
4,43,0,5,43,0,,
4,43,0,4,44,0,,
4,43,0,4,43,1,,
4,48,1,4,49,1,,
4,49,0,5,49,0,,
4,49,0,4,49,1,,
4,49,1,5,49,1,,
4,49,1,4,50,1,,
4,50,0,5,50,0,,
4,50,0,4,50,1,,
4,50,1,5,50,1,,
4,50,1,4,51,1,,
4,56,0,5,56,0,,
4,57,0,5,57,0,,
4,58,0,5,58,0,,
4,58,1,5,58,1,,
4,59,0,5,59,0,,
4,59,1,5,59,1,,
5,5,0,5,6,0,,
5,5,1,5,6,1,,
5,6,0,6,6,0,,
5,6,0,5,7,0,,
5,6,0,5,6,1,,
5,6,1,6,6,1,,
5,6,1,5,7,1,,
5,7,0,6,7,0,,
5,7,0,5,8,0,,
5,7,0,5,7,1,,
5,7,1,6,7,1,,
5,7,1,5,8,1,,
5,8,0,6,8,0,,
5,8,0,5,9,0,,
5,8,0,5,8,1,,
5,8,1,6,8,1,,
5,8,1,5,9,1,,
5,9,0,6,9,0,,
5,9,0,5,10,0,,
5,9,0,5,9,1,,
5,9,1,6,9,1,,
5,9,1,5,10,1,,
5,11,0,5,12,0,,
5,12,0,6,12,0,,
5,12,0,5,13,0,,
5,12,0,5,12,1,,
5,13,0,6,13,0,,
5,13,0,5,14,0,,
5,13,0,5,13,1,,
5,13,1,5,14,1,,
5,14,0,5,14,1,,
5,14,1,6,14,1,,
5,14,1,5,15,1,,
5,15,0,5,15,1,,
5,15,1,6,15,1,,
5,15,1,5,16,1,,
5,16,0,5,16,1,,
5,16,1,6,16,1,,
5,16,1,5,17,1,,
5,17,0,5,17,1,,
5,17,1,6,17,1,,
5,17,1,5,18,1,,
5,20,0,5,21,0,,
5,20,1,5,21,1,,
5,21,0,6,21,0,,
5,21,0,5,22,0,,
5,21,0,5,21,1,,
5,21,1,6,21,1,,
5,21,1,5,22,1,,
5,22,0,6,22,0,,
5,22,0,5,23,0,,
5,22,0,5,22,1,,
5,22,1,6,22,1,,
5,22,1,5,23,1,,
5,24,0,5,25,0,,
5,25,0,6,25,0,,
5,25,0,5,26,0,,
5,25,0,5,25,1,,
5,26,0,6,26,0,,
5,26,0,5,27,0,,
5,26,0,5,26,1,,
5,27,0,6,27,0,,
5,27,0,5,28,0,,
5,27,0,5,27,1,,
5,28,0,6,28,0,,
5,28,0,5,29,0,,
5,28,0,5,28,1,,
5,34,0,5,35,0,,
5,35,0,6,35,0,,
5,35,0,5,36,0,,
5,35,0,5,35,1,,
5,36,0,6,36,0,,
5,36,0,5,37,0,,
5,36,0,5,36,1,,
5,42,1,6,42,1,,
5,43,1,6,43,1,,
5,48,0,5,49,0,,
5,49,0,6,49,0,,
5,49,0,5,50,0,,
5,49,0,5,49,1,,
5,50,0,6,50,0,,
5,50,0,5,51,0,,
5,50,0,5,50,1,,
5,55,0,5,56,0,,
5,56,0,6,56,0,,
5,56,0,5,57,0,,
5,56,0,5,56,1,,
5,57,0,6,57,0,,
5,57,0,5,58,0,,
5,57,0,5,57,1,,
5,57,1,5,58,1,,
5,58,0,6,58,0,,
5,58,0,5,59,0,,
5,58,0,5,58,1,,
5,58,1,6,58,1,,
5,58,1,5,59,1,,
5,59,0,6,59,0,,
5,59,0,5,60,0,,
5,59,0,5,59,1,,
5,59,1,6,59,1,,
5,59,1,5,60,1,,
6,41,1,6,42,1,,
6,42,0,7,42,0,,
6,42,0,6,42,1,,
6,42,1,7,42,1,,
6,42,1,6,43,1,,
6,43,0,7,43,0,,
6,43,0,6,43,1,,
6,43,1,7,43,1,,
6,43,1,6,44,1,,
6,47,1,7,47,1,,
6,48,1,7,48,1,,
6,49,1,7,49,1,,
6,50,1,7,50,1,,
6,55,0,6,56,0,,
6,56,0,7,56,0,,
6,56,0,6,57,0,,
6,56,0,6,56,1,,
6,57,0,7,57,0,,
6,57,0,6,58,0,,
6,57,0,6,57,1,,
6,58,0,7,58,0,,
6,58,0,6,59,0,,
6,58,0,6,58,1,,
6,59,0,7,59,0,,
6,59,0,6,60,0,,
6,59,0,6,59,1,,
7,5,0,8,5,0,,
7,6,0,8,6,0,,
7,18,0,8,18,0,,
7,19,0,8,19,0,,
7,26,1,8,26,1,,
7,27,1,8,27,1,,
7,28,1,8,28,1,,
7,29,1,8,29,1,,
7,41,0,7,42,0,,
7,42,0,8,42,0,,
7,42,0,7,43,0,,
7,42,0,7,42,1,,
7,43,0,8,43,0,,
7,43,0,7,44,0,,
7,43,0,7,43,1,,
7,46,1,7,47,1,,
7,47,0,7,47,1,,
7,47,1,8,47,1,,
7,47,1,7,48,1,,
7,48,0,7,48,1,,
7,48,1,8,48,1,,
7,48,1,7,49,1,,
7,49,0,7,49,1,,
7,49,1,8,49,1,,
7,49,1,7,50,1,,
7,50,0,7,50,1,,
7,50,1,8,50,1,,
7,50,1,7,51,1,,
7,55,0,7,56,0,,
7,56,0,8,56,0,,
7,56,0,7,57,0,,
7,56,0,7,56,1,,
7,57,0,8,57,0,,
7,57,0,7,58,0,,
7,57,0,7,57,1,,
7,58,0,8,58,0,,
7,58,0,7,59,0,,
7,58,0,7,58,1,,
7,59,0,8,59,0,,
7,59,0,7,60,0,,
7,59,0,7,59,1,,
8,4,0,8,5,0,,
8,5,0,9,5,0,,
8,5,0,8,6,0,,
8,5,0,8,5,1,,
8,6,0,9,6,0,,
8,6,0,8,7,0,,
8,6,0,8,6,1,,
8,17,0,8,18,0,,
8,18,0,9,18,0,,
8,18,0,8,19,0,,
8,18,0,8,18,1,,
8,19,0,9,19,0,,
8,19,0,8,20,0,,
8,19,0,8,19,1,,
8,25,1,8,26,1,,
8,26,0,8,26,1,,
8,26,1,9,26,1,,
8,26,1,8,27,1,,
8,27,0,8,27,1,,
8,27,1,9,27,1,,
8,27,1,8,28,1,,
8,28,0,8,28,1,,
8,28,1,9,28,1,,
8,28,1,8,29,1,,
8,29,0,8,29,1,,
8,29,1,9,29,1,,
8,29,1,8,30,1,,
8,33,1,9,33,1,,
8,34,1,9,34,1,,
8,46,1,8,47,1,,
8,47,0,8,47,1,,
8,47,1,9,47,1,,
8,47,1,8,48,1,,
8,48,0,8,48,1,,
8,48,1,9,48,1,,
8,48,1,8,49,1,,
8,49,0,8,49,1,,
8,49,1,9,49,1,,
8,49,1,8,50,1,,
8,50,0,8,50,1,,
8,50,1,9,50,1,,
8,50,1,8,51,1,,
8,55,0,8,56,0,,
8,56,0,9,56,0,,
8,56,0,8,57,0,,
8,56,0,8,56,1,,
8,57,0,9,57,0,,
8,57,0,8,58,0,,
8,57,0,8,57,1,,
8,58,0,9,58,0,,
8,58,0,8,59,0,,
8,58,0,8,58,1,,
8,59,0,9,59,0,,
8,59,0,8,60,0,,
8,59,0,8,59,1,,
9,3,1,10,3,1,,
9,4,1,10,4,1,,
9,5,1,10,5,1,,
9,6,1,10,6,1,,
9,11,1,10,11,1,,
9,12,1,10,12,1,,
9,25,1,9,26,1,,
9,26,0,9,26,1,,
9,26,1,10,26,1,,
9,26,1,9,27,1,,
9,27,0,9,27,1,,
9,27,1,10,27,1,,
9,27,1,9,28,1,,
9,28,0,10,28,0,,
9,28,0,9,28,1,,
9,28,1,10,28,1,,
9,28,1,9,29,1,,
9,29,0,10,29,0,,
9,29,0,9,29,1,,
9,29,1,10,29,1,,
9,29,1,9,30,1,,
9,32,1,9,33,1,,
9,33,0,9,33,1,,
9,33,1,10,33,1,,
9,33,1,9,34,1,,
9,34,0,9,34,1,,
9,34,1,10,34,1,,
9,34,1,9,35,1,,
9,36,0,10,36,0,,
9,37,0,10,37,0,,
9,38,0,10,38,0,,
9,39,0,10,39,0,,
9,46,1,9,47,1,,
9,47,0,9,47,1,,
9,47,1,10,47,1,,
9,47,1,9,48,1,,
9,48,0,9,48,1,,
9,48,1,10,48,1,,
9,48,1,9,49,1,,
9,49,0,9,49,1,,
9,49,1,10,49,1,,
9,49,1,9,50,1,,
9,50,0,9,50,1,,
9,50,1,10,50,1,,
9,50,1,9,51,1,,
9,58,1,10,58,1,,
9,59,1,10,59,1,,
9,60,1,10,60,1,,
9,61,1,10,61,1,,
10,2,1,10,3,1,,
10,3,0,10,3,1,,
10,3,1,11,3,1,,
10,3,1,10,4,1,,
10,4,0,10,4,1,,
10,4,1,11,4,1,,
10,4,1,10,5,1,,
10,5,0,10,5,1,,
10,5,1,11,5,1,,
10,5,1,10,6,1,,
10,6,0,10,6,1,,
10,6,1,11,6,1,,
10,6,1,10,7,1,,
10,10,1,10,11,1,,
10,11,0,10,11,1,,
10,11,1,11,11,1,,
10,11,1,10,12,1,,
10,12,0,11,12,0,,
10,12,0,10,12,1,,
10,12,1,11,12,1,,
10,12,1,10,13,1,,
10,13,0,11,13,0,,
10,14,0,11,14,0,,
10,15,0,11,15,0,,
10,21,1,11,21,1,,
10,22,1,11,22,1,,
10,23,0,11,23,0,,
10,24,0,11,24,0,,
10,25,1,10,26,1,,
10,26,0,10,26,1,,
10,26,1,11,26,1,,
10,26,1,10,27,1,,
10,27,0,10,28,0,,
10,27,0,10,27,1,,
10,27,1,11,27,1,,
10,27,1,10,28,1,,
10,28,0,11,28,0,,
10,28,0,10,29,0,,
10,28,0,10,28,1,,
10,28,1,11,28,1,,
10,28,1,10,29,1,,
10,29,0,11,29,0,,
10,29,0,10,30,0,,
10,29,0,10,29,1,,
10,29,1,11,29,1,,
10,29,1,10,30,1,,
10,35,0,10,36,0,,
10,36,0,11,36,0,,
10,36,0,10,37,0,,
10,36,0,10,36,1,,
10,37,0,11,37,0,,
10,37,0,10,38,0,,
10,37,0,10,37,1,,
10,38,0,11,38,0,,
10,38,0,10,39,0,,
10,38,0,10,38,1,,
10,39,0,11,39,0,,
10,39,0,10,40,0,,
10,39,0,10,39,1,,
10,42,0,11,42,0,,
10,43,0,11,43,0,,
10,46,1,10,47,1,,
10,47,0,10,47,1,,
10,47,1,11,47,1,,
10,47,1,10,48,1,,
10,48,0,10,48,1,,
10,48,1,11,48,1,,
10,48,1,10,49,1,,
10,49,0,10,49,1,,
10,49,1,11,49,1,,
10,49,1,10,50,1,,
10,50,0,10,50,1,,
10,50,1,11,50,1,,
10,50,1,10,51,1,,
10,57,1,10,58,1,,
10,58,0,10,58,1,,
10,58,1,11,58,1,,
10,58,1,10,59,1,,
10,59,0,11,59,0,,
10,59,0,10,59,1,,
10,59,1,11,59,1,,
10,59,1,10,60,1,,
10,60,0,11,60,0,,
10,60,0,10,60,1,,
10,60,1,11,60,1,,
10,60,1,10,61,1,,
10,61,0,11,61,0,,
10,61,0,10,61,1,,
10,61,1,11,61,1,,
10,61,1,10,62,1,,
10,62,0,11,62,0,,
11,2,1,11,3,1,,
11,3,0,11,3,1,,
11,3,1,12,3,1,,
11,3,1,11,4,1,,
11,4,0,11,4,1,,
11,4,1,12,4,1,,
11,4,1,11,5,1,,
11,5,0,12,5,0,,
11,5,0,11,5,1,,
11,5,1,12,5,1,,
11,5,1,11,6,1,,
11,6,0,12,6,0,,
11,6,0,11,6,1,,
11,6,1,12,6,1,,
11,6,1,11,7,1,,
11,7,0,12,7,0,,
11,8,0,12,8,0,,
11,11,0,11,12,0,,
11,12,0,12,12,0,,
11,12,0,11,13,0,,
11,12,0,11,12,1,,
11,13,0,12,13,0,,
11,13,0,11,14,0,,
11,13,0,11,13,1,,
11,14,0,12,14,0,,
11,14,0,11,15,0,,
11,14,0,11,14,1,,
11,15,0,12,15,0,,
11,15,0,11,16,0,,
11,15,0,11,15,1,,
11,20,1,11,21,1,,
11,21,0,11,21,1,,
11,21,1,12,21,1,,
11,21,1,11,22,1,,
11,22,0,11,23,0,,
11,22,0,11,22,1,,
11,22,1,12,22,1,,
11,22,1,11,23,1,,
11,23,0,12,23,0,,
11,23,0,11,24,0,,
11,23,0,11,23,1,,
11,24,0,12,24,0,,
11,24,0,11,25,0,,
11,24,0,11,24,1,,
11,25,1,11,26,1,,
11,26,0,11,26,1,,
11,26,1,12,26,1,,
11,26,1,11,27,1,,
11,27,0,11,27,1,,
11,27,1,12,27,1,,
11,27,1,11,28,1,,
11,28,0,11,28,1,,
11,28,1,12,28,1,,
11,28,1,11,29,1,,
11,29,0,11,29,1,,
11,29,1,12,29,1,,
11,29,1,11,30,1,,
11,35,0,11,36,0,,
11,35,1,12,35,1,,
11,36,0,12,36,0,,
11,36,0,11,37,0,,
11,36,0,11,36,1,,
11,36,1,12,36,1,,
11,37,0,12,37,0,,
11,37,0,11,38,0,,
11,37,0,11,37,1,,
11,37,1,12,37,1,,
11,38,0,12,38,0,,
11,38,0,11,39,0,,
11,38,0,11,38,1,,
11,38,1,12,38,1,,
11,39,0,12,39,0,,
11,39,0,11,40,0,,
11,39,0,11,39,1,,
11,41,0,11,42,0,,
11,42,0,12,42,0,,
11,42,0,11,43,0,,
11,42,0,11,42,1,,
11,43,0,12,43,0,,
11,43,0,11,44,0,,
11,43,0,11,43,1,,
11,46,0,12,46,0,,
11,47,0,12,47,0,,
11,48,0,12,48,0,,
11,49,0,12,49,0,,
11,57,1,11,58,1,,
11,58,0,11,59,0,,
11,58,0,11,58,1,,
11,58,1,12,58,1,,
11,58,1,11,59,1,,
11,59,0,12,59,0,,
11,59,0,11,60,0,,
11,59,0,11,59,1,,
11,59,1,12,59,1,,
11,59,1,11,60,1,,
11,60,0,12,60,0,,
11,60,0,11,61,0,,
11,60,0,11,60,1,,
11,60,1,12,60,1,,
11,60,1,11,61,1,,
11,61,0,12,61,0,,
11,61,0,11,62,0,,
11,61,0,11,61,1,,
11,61,1,12,61,1,,
11,61,1,11,62,1,,
11,62,0,12,62,0,,
11,62,0,11,63,0,,
11,62,0,11,62,1,,
12,2,1,12,3,1,,
12,3,0,12,3,1,,
12,3,1,13,3,1,,
12,3,1,12,4,1,,
12,4,0,12,5,0,,
12,4,0,12,4,1,,
12,4,1,13,4,1,,
12,4,1,12,5,1,,
12,5,0,13,5,0,,
12,5,0,12,6,0,,
12,5,0,12,5,1,,
12,5,1,13,5,1,,
12,5,1,12,6,1,,
12,6,0,13,6,0,,
12,6,0,12,7,0,,
12,6,0,12,6,1,,
12,6,1,13,6,1,,
12,6,1,12,7,1,,
12,7,0,13,7,0,,
12,7,0,12,8,0,,
12,7,0,12,7,1,,
12,8,0,13,8,0,,
12,8,0,12,9,0,,
12,8,0,12,8,1,,
12,11,0,12,12,0,,
12,12,0,13,12,0,,
12,12,0,12,13,0,,
12,12,0,12,12,1,,
12,13,0,13,13,0,,
12,13,0,12,14,0,,
12,13,0,12,13,1,,
12,14,0,13,14,0,,
12,14,0,12,15,0,,
12,14,0,12,14,1,,
12,14,1,13,14,1,,
12,15,0,13,15,0,,
12,15,0,12,16,0,,
12,15,0,12,15,1,,
12,15,1,13,15,1,,
12,34,1,12,35,1,,
12,35,0,12,36,0,,
12,35,0,12,35,1,,
12,35,1,13,35,1,,
12,35,1,12,36,1,,
12,36,0,13,36,0,,
12,36,0,12,37,0,,
12,36,0,12,36,1,,
12,36,1,13,36,1,,
12,36,1,12,37,1,,
12,37,0,13,37,0,,
12,37,0,12,38,0,,
12,37,0,12,37,1,,
12,37,1,13,37,1,,
12,37,1,12,38,1,,
12,38,0,13,38,0,,
12,38,0,12,39,0,,
12,38,0,12,38,1,,
12,38,1,13,38,1,,
12,38,1,12,39,1,,
12,39,0,13,39,0,,
12,39,0,12,40,0,,
12,39,0,12,39,1,,
12,45,0,12,46,0,,
12,45,1,13,45,1,,
12,46,0,13,46,0,,
12,46,0,12,47,0,,
12,46,0,12,46,1,,
12,46,1,13,46,1,,
12,47,0,13,47,0,,
12,47,0,12,48,0,,
12,47,0,12,47,1,,
12,48,0,13,48,0,,
12,48,0,12,49,0,,
12,48,0,12,48,1,,
12,49,0,13,49,0,,
12,49,0,12,50,0,,
12,49,0,12,49,1,,
12,52,0,13,52,0,,
12,53,0,13,53,0,,
12,54,0,13,54,0,,
12,55,0,13,55,0,,
12,57,1,12,58,1,,
12,58,0,12,59,0,,
12,58,0,12,58,1,,
12,58,1,13,58,1,,
12,58,1,12,59,1,,
12,59,0,13,59,0,,
12,59,0,12,60,0,,
12,59,0,12,59,1,,
12,59,1,13,59,1,,
12,59,1,12,60,1,,
12,60,0,13,60,0,,
12,60,0,12,61,0,,
12,60,0,12,60,1,,
12,60,1,13,60,1,,
12,60,1,12,61,1,,
12,61,0,13,61,0,,
12,61,0,12,62,0,,
12,61,0,12,61,1,,
12,61,1,13,61,1,,
12,61,1,12,62,1,,
12,62,0,13,62,0,,
12,62,0,12,63,0,,
12,62,0,12,62,1,,
13,2,1,13,3,1,,
13,3,0,13,3,1,,
13,3,1,14,3,1,,
13,3,1,13,4,1,,
13,4,0,13,5,0,,
13,4,0,13,4,1,,
13,4,1,14,4,1,,
13,4,1,13,5,1,,
13,5,0,14,5,0,,
13,5,0,13,6,0,,
13,5,0,13,5,1,,
13,5,1,14,5,1,,
13,5,1,13,6,1,,
13,6,0,14,6,0,,
13,6,0,13,7,0,,
13,6,0,13,6,1,,
13,6,1,14,6,1,,
13,6,1,13,7,1,,
13,7,0,14,7,0,,
13,7,0,13,8,0,,
13,7,0,13,7,1,,
13,8,0,14,8,0,,
13,8,0,13,9,0,,
13,8,0,13,8,1,,
13,11,0,13,12,0,,
13,12,0,14,12,0,,
13,12,0,13,13,0,,
13,12,0,13,12,1,,
13,13,0,14,13,0,,
13,13,0,13,14,0,,
13,13,0,13,13,1,,
13,13,1,13,14,1,,
13,14,0,14,14,0,,
13,14,0,13,15,0,,
13,14,0,13,14,1,,
13,14,1,14,14,1,,
13,14,1,13,15,1,,
13,15,0,14,15,0,,
13,15,0,13,16,0,,
13,15,0,13,15,1,,
13,15,1,14,15,1,,
13,15,1,13,16,1,,
13,30,1,14,30,1,,
13,31,1,14,31,1,,
13,34,1,13,35,1,,
13,35,0,13,36,0,,
13,35,0,13,35,1,,
13,35,1,14,35,1,,
13,35,1,13,36,1,,
13,36,0,14,36,0,,
13,36,0,13,37,0,,
13,36,0,13,36,1,,
13,36,1,14,36,1,,
13,36,1,13,37,1,,
13,37,0,14,37,0,,
13,37,0,13,38,0,,
13,37,0,13,37,1,,
13,37,1,14,37,1,,
13,37,1,13,38,1,,
13,38,0,14,38,0,,
13,38,0,13,39,0,,
13,38,0,13,38,1,,
13,38,1,14,38,1,,
13,38,1,13,39,1,,
13,39,0,14,39,0,,
13,39,0,13,40,0,,
13,39,0,13,39,1,,
13,44,1,13,45,1,,
13,45,0,13,46,0,,
13,45,0,13,45,1,,
13,45,1,14,45,1,,
13,45,1,13,46,1,,
13,46,0,14,46,0,,
13,46,0,13,47,0,,
13,46,0,13,46,1,,
13,46,1,14,46,1,,
13,46,1,13,47,1,,
13,47,0,14,47,0,,
13,47,0,13,48,0,,
13,47,0,13,47,1,,
13,48,0,14,48,0,,
13,48,0,13,49,0,,
13,48,0,13,48,1,,
13,49,0,14,49,0,,
13,49,0,13,50,0,,
13,49,0,13,49,1,,
13,51,0,13,52,0,,
13,52,0,14,52,0,,
13,52,0,13,53,0,,
13,52,0,13,52,1,,
13,53,0,14,53,0,,
13,53,0,13,54,0,,
13,53,0,13,53,1,,
13,54,0,14,54,0,,
13,54,0,13,55,0,,
13,54,0,13,54,1,,
13,55,0,14,55,0,,
13,55,0,13,56,0,,
13,55,0,13,55,1,,
13,57,1,13,58,1,,
13,58,0,13,59,0,,
13,58,0,13,58,1,,
13,58,1,14,58,1,,
13,58,1,13,59,1,,
13,59,0,14,59,0,,
13,59,0,13,60,0,,
13,59,0,13,59,1,,
13,59,1,14,59,1,,
13,59,1,13,60,1,,
13,60,0,14,60,0,,
13,60,0,13,61,0,,
13,60,0,13,60,1,,
13,60,1,14,60,1,,
13,60,1,13,61,1,,
13,61,0,14,61,0,,
13,61,0,13,62,0,,
13,61,0,13,61,1,,
13,61,1,14,61,1,,
13,61,1,13,62,1,,
13,62,0,14,62,0,,
13,62,0,13,63,0,,
13,62,0,13,62,1,,
14,4,0,14,5,0,,
14,5,0,15,5,0,,
14,5,0,14,6,0,,
14,5,0,14,5,1,,
14,6,0,15,6,0,,
14,6,0,14,7,0,,
14,6,0,14,6,1,,
14,7,0,15,7,0,,
14,7,0,14,8,0,,
14,7,0,14,7,1,,
14,8,0,15,8,0,,
14,8,0,14,9,0,,
14,8,0,14,8,1,,
14,11,0,14,12,0,,
14,12,0,15,12,0,,
14,12,0,14,13,0,,
14,12,0,14,12,1,,
14,13,0,15,13,0,,
14,13,0,14,14,0,,
14,13,0,14,13,1,,
14,14,0,15,14,0,,
14,14,0,14,15,0,,
14,14,0,14,14,1,,
14,15,0,15,15,0,,
14,15,0,14,16,0,,
14,15,0,14,15,1,,
14,25,1,15,25,1,,
14,26,1,15,26,1,,
14,29,1,14,30,1,,
14,30,0,14,30,1,,
14,30,1,15,30,1,,
14,30,1,14,31,1,,
14,31,0,14,31,1,,
14,31,1,15,31,1,,
14,31,1,14,32,1,,
14,34,1,14,35,1,,
14,35,0,14,35,1,,
14,35,1,15,35,1,,
14,35,1,14,36,1,,
14,36,0,14,36,1,,
14,36,1,15,36,1,,
14,36,1,14,37,1,,
14,37,0,14,37,1,,
14,37,1,15,37,1,,
14,37,1,14,38,1,,
14,38,0,14,38,1,,
14,38,1,15,38,1,,
14,38,1,14,39,1,,
14,45,0,14,46,0,,
14,46,0,15,46,0,,
14,46,0,14,47,0,,
14,46,0,14,46,1,,
14,47,0,15,47,0,,
14,47,0,14,48,0,,
14,47,0,14,47,1,,
14,48,0,15,48,0,,
14,48,0,14,49,0,,
14,48,0,14,48,1,,
14,49,0,15,49,0,,
14,49,0,14,50,0,,
14,49,0,14,49,1,,
14,51,0,14,52,0,,
14,52,0,15,52,0,,
14,52,0,14,53,0,,
14,52,0,14,52,1,,
14,53,0,15,53,0,,
14,53,0,14,54,0,,
14,53,0,14,53,1,,
14,54,0,15,54,0,,
14,54,0,14,55,0,,
14,54,0,14,54,1,,
14,55,0,15,55,0,,
14,55,0,14,56,0,,
14,55,0,14,55,1,,
14,58,0,14,59,0,,
14,59,0,15,59,0,,
14,59,0,14,60,0,,
14,59,0,14,59,1,,
14,60,0,15,60,0,,
14,60,0,14,61,0,,
14,60,0,14,60,1,,
14,61,0,15,61,0,,
14,61,0,14,62,0,,
14,61,0,14,61,1,,
14,62,0,15,62,0,,
14,62,0,14,63,0,,
14,62,0,14,62,1,,
15,4,0,15,5,0,,
15,5,0,16,5,0,,
15,5,0,15,6,0,,
15,5,0,15,5,1,,
15,6,0,16,6,0,,
15,6,0,15,7,0,,
15,6,0,15,6,1,,
15,7,0,16,7,0,,
15,7,0,15,8,0,,
15,7,0,15,7,1,,
15,8,0,16,8,0,,
15,8,0,15,9,0,,
15,8,0,15,8,1,,
15,22,0,16,22,0,,
15,23,0,16,23,0,,
15,24,0,16,24,0,,
15,24,1,15,25,1,,
15,25,0,16,25,0,,
15,25,0,15,25,1,,
15,25,1,16,25,1,,
15,25,1,15,26,1,,
15,26,0,15,26,1,,
15,26,1,16,26,1,,
15,26,1,15,27,1,,
15,34,1,15,35,1,,
15,35,0,16,35,0,,
15,35,0,15,35,1,,
15,35,1,16,35,1,,
15,35,1,15,36,1,,
15,36,0,16,36,0,,
15,36,0,15,36,1,,
15,36,1,16,36,1,,
15,36,1,15,37,1,,
15,37,0,15,37,1,,
15,37,1,16,37,1,,
15,37,1,15,38,1,,
15,38,0,15,38,1,,
15,38,1,16,38,1,,
15,38,1,15,39,1,,
15,45,0,15,46,0,,
15,46,0,16,46,0,,
15,46,0,15,47,0,,
15,46,0,15,46,1,,
15,47,0,16,47,0,,
15,47,0,15,48,0,,
15,47,0,15,47,1,,
15,48,0,16,48,0,,
15,48,0,15,49,0,,
15,48,0,15,48,1,,
15,49,0,16,49,0,,
15,49,0,15,50,0,,
15,49,0,15,49,1,,
15,49,1,16,49,1,,
15,50,1,16,50,1,,
15,51,0,15,52,0,,
15,51,1,16,51,1,,
15,52,0,16,52,0,,
15,52,0,15,53,0,,
15,52,0,15,52,1,,
15,52,1,16,52,1,,
15,53,0,16,53,0,,
15,53,0,15,54,0,,
15,53,0,15,53,1,,
15,54,0,16,54,0,,
15,54,0,15,55,0,,
15,54,0,15,54,1,,
15,55,0,16,55,0,,
15,55,0,15,56,0,,
15,55,0,15,55,1,,
16,21,0,16,22,0,,
16,22,0,17,22,0,,
16,22,0,16,23,0,,
16,22,0,16,22,1,,
16,23,0,17,23,0,,
16,23,0,16,24,0,,
16,23,0,16,23,1,,
16,24,0,17,24,0,,
16,24,0,16,25,0,,
16,24,0,16,24,1,,
16,25,0,17,25,0,,
16,25,0,16,26,0,,
16,25,0,16,25,1,,
16,34,0,16,35,0,,
16,35,0,17,35,0,,
16,35,0,16,36,0,,
16,35,0,16,35,1,,
16,36,0,17,36,0,,
16,36,0,16,37,0,,
16,36,0,16,36,1,,
16,48,1,16,49,1,,
16,49,0,16,49,1,,
16,49,1,17,49,1,,
16,49,1,16,50,1,,
16,50,0,16,50,1,,
16,50,1,17,50,1,,
16,50,1,16,51,1,,
16,51,0,16,52,0,,
16,51,0,16,51,1,,
16,51,1,17,51,1,,
16,51,1,16,52,1,,
16,52,0,17,52,0,,
16,52,0,16,53,0,,
16,52,0,16,52,1,,
16,52,1,17,52,1,,
16,52,1,16,53,1,,
16,53,0,17,53,0,,
16,53,0,16,54,0,,
16,53,0,16,53,1,,
16,54,0,17,54,0,,
16,54,0,16,55,0,,
16,54,0,16,54,1,,
16,55,0,17,55,0,,
16,55,0,16,56,0,,
16,55,0,16,55,1,,
16,59,0,17,59,0,,
16,60,0,17,60,0,,
17,6,1,18,6,1,,
17,7,1,18,7,1,,
17,13,0,18,13,0,,
17,14,0,18,14,0,,
17,21,0,17,22,0,,
17,21,1,18,21,1,,
17,22,0,18,22,0,,
17,22,0,17,23,0,,
17,22,0,17,22,1,,
17,22,1,18,22,1,,
17,23,0,18,23,0,,
17,23,0,17,24,0,,
17,23,0,17,23,1,,
17,23,1,18,23,1,,
17,24,0,18,24,0,,
17,24,0,17,25,0,,
17,24,0,17,24,1,,
17,24,1,18,24,1,,
17,25,0,18,25,0,,
17,25,0,17,26,0,,
17,25,0,17,25,1,,
17,48,1,17,49,1,,
17,49,0,17,49,1,,
17,49,1,18,49,1,,
17,49,1,17,50,1,,
17,50,0,17,50,1,,
17,50,1,18,50,1,,
17,50,1,17,51,1,,
17,51,0,17,51,1,,
17,51,1,18,51,1,,
17,51,1,17,52,1,,
17,52,0,17,52,1,,
17,52,1,18,52,1,,
17,52,1,17,53,1,,
17,58,0,17,59,0,,
17,59,0,18,59,0,,
17,59,0,17,60,0,,
17,59,0,17,59,1,,
17,60,0,18,60,0,,
17,60,0,17,61,0,,
17,60,0,17,60,1,,
17,60,1,18,60,1,,
17,61,1,18,61,1,,
18,5,1,18,6,1,,
18,6,0,18,6,1,,
18,6,1,19,6,1,,
18,6,1,18,7,1,,
18,7,0,18,7,1,,
18,7,1,19,7,1,,
18,7,1,18,8,1,,
18,12,0,18,13,0,,
18,13,0,19,13,0,,
18,13,0,18,14,0,,
18,13,0,18,13,1,,
18,14,0,19,14,0,,
18,14,0,18,15,0,,
18,14,0,18,14,1,,
18,20,1,18,21,1,,
18,21,0,18,22,0,,
18,21,0,18,21,1,,
18,21,1,19,21,1,,
18,21,1,18,22,1,,
18,22,0,19,22,0,,
18,22,0,18,23,0,,
18,22,0,18,22,1,,
18,22,1,19,22,1,,
18,22,1,18,23,1,,
18,23,0,19,23,0,,
18,23,0,18,24,0,,
18,23,0,18,23,1,,
18,23,1,19,23,1,,
18,23,1,18,24,1,,
18,24,0,19,24,0,,
18,24,0,18,25,0,,
18,24,0,18,24,1,,
18,24,1,19,24,1,,
18,24,1,18,25,1,,
18,25,0,19,25,0,,
18,25,0,18,26,0,,
18,25,0,18,25,1,,
18,29,0,19,29,0,,
18,30,0,19,30,0,,
18,37,1,19,37,1,,
18,38,1,19,38,1,,
18,39,1,19,39,1,,
18,40,0,19,40,0,,
18,40,1,19,40,1,,
18,41,0,19,41,0,,
18,48,1,18,49,1,,
18,49,0,18,49,1,,
18,49,1,19,49,1,,
18,49,1,18,50,1,,
18,50,0,18,50,1,,
18,50,1,19,50,1,,
18,50,1,18,51,1,,
18,51,0,18,51,1,,
18,51,1,19,51,1,,
18,51,1,18,52,1,,
18,52,0,18,52,1,,
18,52,1,19,52,1,,
18,52,1,18,53,1,,
18,59,1,18,60,1,,
18,60,0,18,60,1,,
18,60,1,19,60,1,,
18,60,1,18,61,1,,
18,61,0,18,61,1,,
18,61,1,19,61,1,,
18,61,1,18,62,1,,
19,20,1,19,21,1,,
19,21,0,19,22,0,,
19,21,0,19,21,1,,
19,21,1,20,21,1,,
19,21,1,19,22,1,,
19,22,0,20,22,0,,
19,22,0,19,23,0,,
19,22,0,19,22,1,,
19,22,1,20,22,1,,
19,22,1,19,23,1,,
19,23,0,20,23,0,,
19,23,0,19,24,0,,
19,23,0,19,23,1,,
19,23,1,20,23,1,,
19,23,1,19,24,1,,
19,24,0,20,24,0,,
19,24,0,19,25,0,,
19,24,0,19,24,1,,
19,24,1,20,24,1,,
19,24,1,19,25,1,,
19,25,0,20,25,0,,
19,25,0,19,26,0,,
19,25,0,19,25,1,,
19,28,0,19,29,0,,
19,29,0,20,29,0,,
19,29,0,19,30,0,,
19,29,0,19,29,1,,
19,30,0,20,30,0,,
19,30,0,19,31,0,,
19,30,0,19,30,1,,
19,36,1,19,37,1,,
19,37,0,19,37,1,,
19,37,1,20,37,1,,
19,37,1,19,38,1,,
19,38,0,19,38,1,,
19,38,1,20,38,1,,
19,38,1,19,39,1,,
19,39,0,19,40,0,,
19,39,0,19,39,1,,
19,39,1,20,39,1,,
19,39,1,19,40,1,,
19,40,0,20,40,0,,
19,40,0,19,41,0,,
19,40,0,19,40,1,,
19,40,1,20,40,1,,
19,40,1,19,41,1,,
19,41,0,20,41,0,,
19,41,0,19,42,0,,
19,41,0,19,41,1,,
19,48,1,19,49,1,,
19,49,0,19,49,1,,
19,49,1,20,49,1,,
19,49,1,19,50,1,,
19,50,0,19,50,1,,
19,50,1,20,50,1,,
19,50,1,19,51,1,,
19,51,0,19,51,1,,
19,51,1,20,51,1,,
19,51,1,19,52,1,,
19,52,0,19,52,1,,
19,52,1,20,52,1,,
19,52,1,19,53,1,,
20,2,0,21,2,0,,
20,3,0,21,3,0,,
20,4,0,21,4,0,,
20,5,0,21,5,0,,
20,5,1,21,5,1,,
20,6,1,21,6,1,,
20,7,1,21,7,1,,
20,8,1,21,8,1,,
20,16,0,21,16,0,,
20,17,0,21,17,0,,
20,18,0,21,18,0,,
20,19,0,21,19,0,,
20,20,1,20,21,1,,
20,21,0,20,21,1,,
20,21,1,21,21,1,,
20,21,1,20,22,1,,
20,22,0,20,22,1,,
20,22,1,21,22,1,,
20,22,1,20,23,1,,
20,23,0,20,23,1,,
20,23,1,21,23,1,,
20,23,1,20,24,1,,
20,24,0,20,24,1,,
20,24,1,21,24,1,,
20,24,1,20,25,1,,
20,28,1,21,28,1,,
20,29,1,21,29,1,,
20,34,0,21,34,0,,
20,35,0,21,35,0,,
20,36,0,21,36,0,,
20,36,1,20,37,1,,
20,37,0,21,37,0,,
20,37,0,20,37,1,,
20,37,1,21,37,1,,
20,37,1,20,38,1,,
20,38,0,20,38,1,,
20,38,1,21,38,1,,
20,38,1,20,39,1,,
20,39,0,20,39,1,,
20,39,1,21,39,1,,
20,39,1,20,40,1,,
20,40,0,20,40,1,,
20,40,1,21,40,1,,
20,40,1,20,41,1,,
20,45,0,21,45,0,,
20,46,0,21,46,0,,
21,1,0,21,2,0,,
21,2,0,22,2,0,,
21,2,0,21,3,0,,
21,2,0,21,2,1,,
21,3,0,22,3,0,,
21,3,0,21,4,0,,
21,3,0,21,3,1,,
21,4,0,22,4,0,,
21,4,0,21,5,0,,
21,4,0,21,4,1,,
21,4,1,21,5,1,,
21,5,0,22,5,0,,
21,5,0,21,6,0,,
21,5,0,21,5,1,,
21,5,1,22,5,1,,
21,5,1,21,6,1,,
21,6,0,21,6,1,,
21,6,1,22,6,1,,
21,6,1,21,7,1,,
21,7,0,21,7,1,,
21,7,1,22,7,1,,
21,7,1,21,8,1,,
21,8,0,21,8,1,,
21,8,1,22,8,1,,
21,8,1,21,9,1,,
21,11,0,22,11,0,,
21,12,0,22,12,0,,
21,15,0,21,16,0,,
21,16,0,22,16,0,,
21,16,0,21,17,0,,
21,16,0,21,16,1,,
21,17,0,22,17,0,,
21,17,0,21,18,0,,
21,17,0,21,17,1,,
21,18,0,22,18,0,,
21,18,0,21,19,0,,
21,18,0,21,18,1,,
21,19,0,22,19,0,,
21,19,0,21,20,0,,
21,19,0,21,19,1,,
21,20,1,21,21,1,,
21,21,0,21,21,1,,
21,21,1,22,21,1,,
21,21,1,21,22,1,,
21,22,0,21,22,1,,
21,22,1,22,22,1,,
21,22,1,21,23,1,,
21,23,0,21,23,1,,
21,23,1,22,23,1,,
21,23,1,21,24,1,,
21,24,0,21,24,1,,
21,24,1,22,24,1,,
21,24,1,21,25,1,,
21,27,1,21,28,1,,
21,28,0,21,28,1,,
21,28,1,22,28,1,,
21,28,1,21,29,1,,
21,29,0,21,29,1,,
21,29,1,22,29,1,,
21,29,1,21,30,1,,
21,32,1,22,32,1,,
21,33,0,21,34,0,,
21,33,1,22,33,1,,
21,34,0,22,34,0,,
21,34,0,21,35,0,,
21,34,0,21,34,1,,
21,35,0,22,35,0,,
21,35,0,21,36,0,,
21,35,0,21,35,1,,
21,36,0,22,36,0,,
21,36,0,21,37,0,,
21,36,0,21,36,1,,
21,36,1,21,37,1,,
21,37,0,22,37,0,,
21,37,0,21,38,0,,
21,37,0,21,37,1,,
21,37,1,22,37,1,,
21,37,1,21,38,1,,
21,38,0,21,38,1,,
21,38,1,22,38,1,,
21,38,1,21,39,1,,
21,39,0,21,39,1,,
21,39,1,22,39,1,,
21,39,1,21,40,1,,
21,40,0,21,40,1,,
21,40,1,22,40,1,,
21,40,1,21,41,1,,
21,44,0,21,45,0,,
21,45,0,22,45,0,,
21,45,0,21,46,0,,
21,45,0,21,45,1,,
21,46,0,22,46,0,,
21,46,0,21,47,0,,
21,46,0,21,46,1,,
21,52,0,22,52,0,,
21,53,0,22,53,0,,
21,54,1,22,54,1,,
21,55,1,22,55,1,,
21,56,1,22,56,1,,
21,57,1,22,57,1,,
21,58,0,22,58,0,,
21,59,0,22,59,0,,
22,1,0,22,2,0,,
22,2,0,23,2,0,,
22,2,0,22,3,0,,
22,2,0,22,2,1,,
22,3,0,23,3,0,,
22,3,0,22,4,0,,
22,3,0,22,3,1,,
22,4,0,23,4,0,,
22,4,0,22,5,0,,
22,4,0,22,4,1,,
22,4,1,22,5,1,,
22,5,0,23,5,0,,
22,5,0,22,6,0,,
22,5,0,22,5,1,,
22,5,1,23,5,1,,
22,5,1,22,6,1,,
22,6,0,22,6,1,,
22,6,1,23,6,1,,
22,6,1,22,7,1,,
22,7,0,22,7,1,,
22,7,1,23,7,1,,
22,7,1,22,8,1,,
22,8,0,22,8,1,,
22,8,1,23,8,1,,
22,8,1,22,9,1,,
22,10,0,22,11,0,,
22,11,0,23,11,0,,
22,11,0,22,12,0,,
22,11,0,22,11,1,,
22,12,0,23,12,0,,
22,12,0,22,13,0,,
22,12,0,22,12,1,,
22,15,0,22,16,0,,
22,16,0,23,16,0,,
22,16,0,22,17,0,,
22,16,0,22,16,1,,
22,17,0,23,17,0,,
22,17,0,22,18,0,,
22,17,0,22,17,1,,
22,18,0,23,18,0,,
22,18,0,22,19,0,,
22,18,0,22,18,1,,
22,19,0,23,19,0,,
22,19,0,22,20,0,,
22,19,0,22,19,1,,
22,31,1,22,32,1,,
22,32,0,22,32,1,,
22,32,1,23,32,1,,
22,32,1,22,33,1,,
22,33,0,22,34,0,,
22,33,0,22,33,1,,
22,33,1,23,33,1,,
22,33,1,22,34,1,,
22,34,0,23,34,0,,
22,34,0,22,35,0,,
22,34,0,22,34,1,,
22,35,0,23,35,0,,
22,35,0,22,36,0,,
22,35,0,22,35,1,,
22,36,0,23,36,0,,
22,36,0,22,37,0,,
22,36,0,22,36,1,,
22,36,1,22,37,1,,
22,37,0,23,37,0,,
22,37,0,22,38,0,,
22,37,0,22,37,1,,
22,37,1,23,37,1,,
22,37,1,22,38,1,,
22,38,0,22,38,1,,
22,38,1,23,38,1,,
22,38,1,22,39,1,,
22,39,0,22,39,1,,
22,39,1,23,39,1,,
22,39,1,22,40,1,,
22,40,0,22,40,1,,
22,40,1,23,40,1,,
22,40,1,22,41,1,,
22,51,0,22,52,0,,
22,52,0,23,52,0,,
22,52,0,22,53,0,,
22,52,0,22,52,1,,
22,53,0,23,53,0,,
22,53,0,22,54,0,,
22,53,0,22,53,1,,
22,53,1,22,54,1,,
22,54,0,22,54,1,,
22,54,1,23,54,1,,
22,54,1,22,55,1,,
22,55,0,22,55,1,,
22,55,1,23,55,1,,
22,55,1,22,56,1,,
22,56,0,22,56,1,,
22,56,1,23,56,1,,
22,56,1,22,57,1,,
22,57,0,22,58,0,,
22,57,0,22,57,1,,
22,57,1,23,57,1,,
22,57,1,22,58,1,,
22,58,0,23,58,0,,
22,58,0,22,59,0,,
22,58,0,22,58,1,,
22,59,0,23,59,0,,
22,59,0,22,60,0,,
22,59,0,22,59,1,,
23,1,0,23,2,0,,
23,2,0,24,2,0,,
23,2,0,23,3,0,,
23,2,0,23,2,1,,
23,3,0,24,3,0,,
23,3,0,23,4,0,,
23,3,0,23,3,1,,
23,4,0,24,4,0,,
23,4,0,23,5,0,,
23,4,0,23,4,1,,
23,4,1,23,5,1,,
23,5,0,24,5,0,,
23,5,0,23,6,0,,
23,5,0,23,5,1,,
23,5,1,24,5,1,,
23,5,1,23,6,1,,
23,6,0,23,6,1,,
23,6,1,24,6,1,,
23,6,1,23,7,1,,
23,7,0,23,7,1,,
23,7,1,24,7,1,,
23,7,1,23,8,1,,
23,8,0,23,8,1,,
23,8,1,24,8,1,,
23,8,1,23,9,1,,
23,15,0,23,16,0,,
23,15,1,24,15,1,,
23,16,0,24,16,0,,
23,16,0,23,17,0,,
23,16,0,23,16,1,,
23,16,1,24,16,1,,
23,17,0,24,17,0,,
23,17,0,23,18,0,,
23,17,0,23,17,1,,
23,17,1,24,17,1,,
23,18,0,24,18,0,,
23,18,0,23,19,0,,
23,18,0,23,18,1,,
23,18,1,24,18,1,,
23,19,0,24,19,0,,
23,19,0,23,20,0,,
23,19,0,23,19,1,,
23,33,0,23,34,0,,
23,34,0,24,34,0,,
23,34,0,23,35,0,,
23,34,0,23,34,1,,
23,35,0,24,35,0,,
23,35,0,23,36,0,,
23,35,0,23,35,1,,
23,36,0,24,36,0,,
23,36,0,23,37,0,,
23,36,0,23,36,1,,
23,37,0,24,37,0,,
23,37,0,23,38,0,,
23,37,0,23,37,1,,
23,41,0,24,41,0,,
23,42,0,24,42,0,,
23,46,0,24,46,0,,
23,47,0,24,47,0,,
23,53,1,23,54,1,,
23,54,0,23,54,1,,
23,54,1,24,54,1,,
23,54,1,23,55,1,,
23,55,0,23,55,1,,
23,55,1,24,55,1,,
23,55,1,23,56,1,,
23,56,0,23,56,1,,
23,56,1,24,56,1,,
23,56,1,23,57,1,,
23,57,0,23,57,1,,
23,57,1,24,57,1,,
23,57,1,23,58,1,,
24,1,0,24,2,0,,
24,2,0,25,2,0,,
24,2,0,24,3,0,,
24,2,0,24,2,1,,
24,3,0,25,3,0,,
24,3,0,24,4,0,,
24,3,0,24,3,1,,
24,4,0,25,4,0,,
24,4,0,24,5,0,,
24,4,0,24,4,1,,
24,4,1,24,5,1,,
24,5,0,25,5,0,,
24,5,0,24,6,0,,
24,5,0,24,5,1,,
24,5,1,25,5,1,,
24,5,1,24,6,1,,
24,6,0,24,6,1,,
24,6,1,25,6,1,,
24,6,1,24,7,1,,
24,7,0,24,7,1,,
24,7,1,25,7,1,,
24,7,1,24,8,1,,
24,8,0,24,8,1,,
24,8,1,25,8,1,,
24,8,1,24,9,1,,
24,11,1,25,11,1,,
24,12,1,25,12,1,,
24,14,1,24,15,1,,
24,15,0,24,16,0,,
24,15,0,24,15,1,,
24,15,1,25,15,1,,
24,15,1,24,16,1,,
24,16,0,25,16,0,,
24,16,0,24,17,0,,
24,16,0,24,16,1,,
24,16,1,25,16,1,,
24,16,1,24,17,1,,
24,17,0,25,17,0,,
24,17,0,24,18,0,,
24,17,0,24,17,1,,
24,17,1,25,17,1,,
24,17,1,24,18,1,,
24,18,0,25,18,0,,
24,18,0,24,19,0,,
24,18,0,24,18,1,,
24,18,1,25,18,1,,
24,18,1,24,19,1,,
24,19,0,25,19,0,,
24,19,0,24,20,0,,
24,19,0,24,19,1,,
24,23,1,25,23,1,,
24,24,1,25,24,1,,
24,25,1,25,25,1,,
24,26,1,25,26,1,,
24,33,0,24,34,0,,
24,34,0,25,34,0,,
24,34,0,24,35,0,,
24,34,0,24,34,1,,
24,35,0,25,35,0,,
24,35,0,24,36,0,,
24,35,0,24,35,1,,
24,36,0,25,36,0,,
24,36,0,24,37,0,,
24,36,0,24,36,1,,
24,37,0,25,37,0,,
24,37,0,24,38,0,,
24,37,0,24,37,1,,
24,40,0,24,41,0,,
24,41,0,25,41,0,,
24,41,0,24,42,0,,
24,41,0,24,41,1,,
24,42,0,25,42,0,,
24,42,0,24,43,0,,
24,42,0,24,42,1,,
24,45,0,24,46,0,,
24,46,0,25,46,0,,
24,46,0,24,47,0,,
24,46,0,24,46,1,,
24,47,0,25,47,0,,
24,47,0,24,48,0,,
24,47,0,24,47,1,,
24,53,1,24,54,1,,
24,54,0,24,54,1,,
24,54,1,25,54,1,,
24,54,1,24,55,1,,
24,55,0,24,55,1,,
24,55,1,25,55,1,,
24,55,1,24,56,1,,
24,56,0,24,56,1,,
24,56,1,25,56,1,,
24,56,1,24,57,1,,
24,57,0,24,57,1,,
24,57,1,25,57,1,,
24,57,1,24,58,1,,
25,10,1,25,11,1,,
25,11,0,26,11,0,,
25,11,0,25,11,1,,
25,11,1,26,11,1,,
25,11,1,25,12,1,,
25,12,0,26,12,0,,
25,12,0,25,12,1,,
25,12,1,26,12,1,,
25,12,1,25,13,1,,
25,14,1,25,15,1,,
25,15,0,25,15,1,,
25,15,1,26,15,1,,
25,15,1,25,16,1,,
25,16,0,25,16,1,,
25,16,1,26,16,1,,
25,16,1,25,17,1,,
25,17,0,25,17,1,,
25,17,1,26,17,1,,
25,17,1,25,18,1,,
25,18,0,25,18,1,,
25,18,1,26,18,1,,
25,18,1,25,19,1,,
25,22,1,25,23,1,,
25,23,0,25,23,1,,
25,23,1,26,23,1,,
25,23,1,25,24,1,,
25,24,0,25,24,1,,
25,24,1,26,24,1,,
25,24,1,25,25,1,,
25,25,0,25,25,1,,
25,25,1,26,25,1,,
25,25,1,25,26,1,,
25,26,0,25,26,1,,
25,26,1,26,26,1,,
25,26,1,25,27,1,,
25,49,1,26,49,1,,
25,50,1,26,50,1,,
25,53,1,25,54,1,,
25,54,0,25,54,1,,
25,54,1,26,54,1,,
25,54,1,25,55,1,,
25,55,0,26,55,0,,
25,55,0,25,55,1,,
25,55,1,26,55,1,,
25,55,1,25,56,1,,
25,56,0,26,56,0,,
25,56,0,25,56,1,,
25,56,1,26,56,1,,
25,56,1,25,57,1,,
25,57,0,25,57,1,,
25,57,1,26,57,1,,
25,57,1,25,58,1,,
25,59,0,26,59,0,,
25,60,0,26,60,0,,
25,61,0,26,61,0,,
25,62,0,26,62,0,,
26,7,1,27,7,1,,
26,8,1,27,8,1,,
26,10,0,26,11,0,,
26,11,0,27,11,0,,
26,11,0,26,12,0,,
26,11,0,26,11,1,,
26,12,0,27,12,0,,
26,12,0,26,13,0,,
26,12,0,26,12,1,,
26,14,1,26,15,1,,
26,15,0,26,15,1,,
26,15,1,27,15,1,,
26,15,1,26,16,1,,
26,16,0,26,16,1,,
26,16,1,27,16,1,,
26,16,1,26,17,1,,
26,17,0,26,17,1,,
26,17,1,27,17,1,,
26,17,1,26,18,1,,
26,18,0,26,18,1,,
26,18,1,27,18,1,,
26,18,1,26,19,1,,
26,22,1,26,23,1,,
26,23,0,26,23,1,,
26,23,1,27,23,1,,
26,23,1,26,24,1,,
26,24,0,26,24,1,,
26,24,1,27,24,1,,
26,24,1,26,25,1,,
26,25,0,26,25,1,,
26,25,1,27,25,1,,
26,25,1,26,26,1,,
26,26,0,26,26,1,,
26,26,1,27,26,1,,
26,26,1,26,27,1,,
26,32,1,27,32,1,,
26,33,1,27,33,1,,
26,37,1,27,37,1,,
26,38,1,27,38,1,,
26,48,1,26,49,1,,
26,49,0,26,49,1,,
26,49,1,27,49,1,,
26,49,1,26,50,1,,
26,50,0,26,50,1,,
26,50,1,27,50,1,,
26,50,1,26,51,1,,
26,54,0,26,55,0,,
26,55,0,27,55,0,,
26,55,0,26,56,0,,
26,55,0,26,55,1,,
26,56,0,27,56,0,,
26,56,0,26,57,0,,
26,56,0,26,56,1,,
26,58,0,26,59,0,,
26,59,0,27,59,0,,
26,59,0,26,60,0,,
26,59,0,26,59,1,,
26,60,0,27,60,0,,
26,60,0,26,61,0,,
26,60,0,26,60,1,,
26,61,0,27,61,0,,
26,61,0,26,62,0,,
26,61,0,26,61,1,,
26,62,0,27,62,0,,
26,62,0,26,63,0,,
26,62,0,26,62,1,,
27,3,1,28,3,1,,
27,4,1,28,4,1,,
27,6,1,27,7,1,,
27,7,0,27,7,1,,
27,7,1,28,7,1,,
27,7,1,27,8,1,,
27,8,0,27,8,1,,
27,8,1,28,8,1,,
27,8,1,27,9,1,,
27,14,1,27,15,1,,
27,15,0,27,15,1,,
27,15,1,28,15,1,,
27,15,1,27,16,1,,
27,16,0,27,16,1,,
27,16,1,28,16,1,,
27,16,1,27,17,1,,
27,17,0,27,17,1,,
27,17,1,28,17,1,,
27,17,1,27,18,1,,
27,18,0,27,18,1,,
27,18,1,28,18,1,,
27,18,1,27,19,1,,
27,22,1,27,23,1,,
27,23,0,27,23,1,,
27,23,1,28,23,1,,
27,23,1,27,24,1,,
27,24,0,27,24,1,,
27,24,1,28,24,1,,
27,24,1,27,25,1,,
27,25,0,27,25,1,,
27,25,1,28,25,1,,
27,25,1,27,26,1,,
27,26,0,27,26,1,,
27,26,1,28,26,1,,
27,26,1,27,27,1,,
27,31,1,27,32,1,,
27,32,0,27,32,1,,
27,32,1,28,32,1,,
27,32,1,27,33,1,,
27,33,0,27,33,1,,
27,33,1,28,33,1,,
27,33,1,27,34,1,,
27,36,1,27,37,1,,
27,37,0,27,37,1,,
27,37,1,28,37,1,,
27,37,1,27,38,1,,
27,38,0,27,38,1,,
27,38,1,28,38,1,,
27,38,1,27,39,1,,
27,41,0,28,41,0,,
27,42,0,28,42,0,,
27,43,1,28,43,1,,
27,44,1,28,44,1,,
27,45,1,28,45,1,,
27,46,1,28,46,1,,
27,53,1,28,53,1,,
27,54,1,28,54,1,,
27,58,0,27,59,0,,
27,59,0,28,59,0,,
27,59,0,27,60,0,,
27,59,0,27,59,1,,
27,60,0,28,60,0,,
27,60,0,27,61,0,,
27,60,0,27,60,1,,
27,61,0,28,61,0,,
27,61,0,27,62,0,,
27,61,0,27,61,1,,
27,62,0,28,62,0,,
27,62,0,27,63,0,,
27,62,0,27,62,1,,
28,2,1,28,3,1,,
28,3,0,28,3,1,,
28,3,1,29,3,1,,
28,3,1,28,4,1,,
28,4,0,28,4,1,,
28,4,1,29,4,1,,
28,4,1,28,5,1,,
28,22,0,29,22,0,,
28,22,1,28,23,1,,
28,23,0,29,23,0,,
28,23,0,28,23,1,,
28,23,1,29,23,1,,
28,23,1,28,24,1,,
28,24,0,28,24,1,,
28,24,1,29,24,1,,
28,24,1,28,25,1,,
28,25,0,28,25,1,,
28,25,1,29,25,1,,
28,25,1,28,26,1,,
28,26,0,28,26,1,,
28,26,1,29,26,1,,
28,26,1,28,27,1,,
28,40,0,28,41,0,,
28,41,0,29,41,0,,
28,41,0,28,42,0,,
28,41,0,28,41,1,,
28,42,0,29,42,0,,
28,42,0,28,43,0,,
28,42,0,28,42,1,,
28,42,1,28,43,1,,
28,43,0,28,43,1,,
28,43,1,29,43,1,,
28,43,1,28,44,1,,
28,44,0,28,44,1,,
28,44,1,29,44,1,,
28,44,1,28,45,1,,
28,45,0,28,45,1,,
28,45,1,29,45,1,,
28,45,1,28,46,1,,
28,46,0,28,46,1,,
28,46,1,29,46,1,,
28,46,1,28,47,1,,
28,48,0,29,48,0,,
28,49,0,29,49,0,,
28,50,0,29,50,0,,
28,51,0,29,51,0,,
28,52,1,28,53,1,,
28,53,0,28,53,1,,
28,53,1,29,53,1,,
28,53,1,28,54,1,,
28,54,0,28,54,1,,
28,54,1,29,54,1,,
28,54,1,28,55,1,,
28,55,0,29,55,0,,
28,56,0,29,56,0,,
28,58,0,28,59,0,,
28,59,0,29,59,0,,
28,59,0,28,60,0,,
28,59,0,28,59,1,,
28,60,0,29,60,0,,
28,60,0,28,61,0,,
28,60,0,28,60,1,,
28,61,0,29,61,0,,
28,61,0,28,62,0,,
28,61,0,28,61,1,,
28,62,0,29,62,0,,
28,62,0,28,63,0,,
28,62,0,28,62,1,,
29,3,0,30,3,0,,
29,4,0,30,4,0,,
29,12,1,30,12,1,,
29,13,1,30,13,1,,
29,21,0,29,22,0,,
29,22,0,30,22,0,,
29,22,0,29,23,0,,
29,22,0,29,22,1,,
29,23,0,30,23,0,,
29,23,0,29,24,0,,
29,23,0,29,23,1,,
29,30,1,30,30,1,,
29,31,1,30,31,1,,
29,42,1,29,43,1,,
29,43,0,29,43,1,,
29,43,1,30,43,1,,
29,43,1,29,44,1,,
29,44,0,29,44,1,,
29,44,1,30,44,1,,
29,44,1,29,45,1,,
29,45,0,29,45,1,,
29,45,1,30,45,1,,
29,45,1,29,46,1,,
29,46,0,29,46,1,,
29,46,1,30,46,1,,
29,46,1,29,47,1,,
29,47,0,29,48,0,,
29,48,0,30,48,0,,
29,48,0,29,49,0,,
29,48,0,29,48,1,,
29,49,0,30,49,0,,
29,49,0,29,50,0,,
29,49,0,29,49,1,,
29,50,0,30,50,0,,
29,50,0,29,51,0,,
29,50,0,29,50,1,,
29,51,0,30,51,0,,
29,51,0,29,52,0,,
29,51,0,29,51,1,,
29,54,0,29,55,0,,
29,55,0,30,55,0,,
29,55,0,29,56,0,,
29,55,0,29,55,1,,
29,56,0,30,56,0,,
29,56,0,29,57,0,,
29,56,0,29,56,1,,
29,58,0,29,59,0,,
29,59,0,30,59,0,,
29,59,0,29,60,0,,
29,59,0,29,59,1,,
29,60,0,30,60,0,,
29,60,0,29,61,0,,
29,60,0,29,60,1,,
29,61,0,30,61,0,,
29,61,0,29,62,0,,
29,61,0,29,61,1,,
29,62,0,30,62,0,,
29,62,0,29,63,0,,
29,62,0,29,62,1,,
30,2,0,30,3,0,,
30,3,0,31,3,0,,
30,3,0,30,4,0,,
30,3,0,30,3,1,,
30,4,0,31,4,0,,
30,4,0,30,5,0,,
30,4,0,30,4,1,,
30,11,1,30,12,1,,
30,12,0,30,12,1,,
30,12,1,31,12,1,,
30,12,1,30,13,1,,
30,13,0,30,13,1,,
30,13,1,31,13,1,,
30,13,1,30,14,1,,
30,29,1,30,30,1,,
30,30,0,30,30,1,,
30,30,1,31,30,1,,
30,30,1,30,31,1,,
30,31,0,30,31,1,,
30,31,1,31,31,1,,
30,31,1,30,32,1,,
30,35,1,31,35,1,,
30,36,1,31,36,1,,
30,37,0,31,37,0,,
30,37,1,31,37,1,,
30,38,0,31,38,0,,
30,38,1,31,38,1,,
30,42,1,30,43,1,,
30,43,0,30,43,1,,
30,43,1,31,43,1,,
30,43,1,30,44,1,,
30,44,0,30,44,1,,
30,44,1,31,44,1,,
30,44,1,30,45,1,,
30,45,0,30,45,1,,
30,45,1,31,45,1,,
30,45,1,30,46,1,,
30,46,0,30,46,1,,
30,46,1,31,46,1,,
30,46,1,30,47,1,,
30,47,0,30,48,0,,
30,48,0,31,48,0,,
30,48,0,30,49,0,,
30,48,0,30,48,1,,
30,49,0,31,49,0,,
30,49,0,30,50,0,,
30,49,0,30,49,1,,
30,50,0,31,50,0,,
30,50,0,30,51,0,,
30,50,0,30,50,1,,
30,51,0,31,51,0,,
30,51,0,30,52,0,,
30,51,0,30,51,1,,
30,57,1,31,57,1,,
30,58,1,31,58,1,,
31,7,0,32,7,0,,
31,8,0,32,8,0,,
31,22,0,32,22,0,,
31,23,0,32,23,0,,
31,33,0,32,33,0,,
31,34,0,32,34,0,,
31,34,1,31,35,1,,
31,35,0,31,35,1,,
31,35,1,32,35,1,,
31,35,1,31,36,1,,
31,36,0,31,37,0,,
31,36,0,31,36,1,,
31,36,1,32,36,1,,
31,36,1,31,37,1,,
31,37,0,32,37,0,,
31,37,0,31,38,0,,
31,37,0,31,37,1,,
31,37,1,32,37,1,,
31,37,1,31,38,1,,
31,38,0,32,38,0,,
31,38,0,31,39,0,,
31,38,0,31,38,1,,
31,38,1,32,38,1,,
31,38,1,31,39,1,,
31,42,1,31,43,1,,
31,43,0,31,43,1,,
31,43,1,32,43,1,,
31,43,1,31,44,1,,
31,44,0,31,44,1,,
31,44,1,32,44,1,,
31,44,1,31,45,1,,
31,45,0,31,45,1,,
31,45,1,32,45,1,,
31,45,1,31,46,1,,
31,46,0,31,46,1,,
31,46,1,32,46,1,,
31,46,1,31,47,1,,
31,47,0,31,48,0,,
31,48,0,32,48,0,,
31,48,0,31,49,0,,
31,48,0,31,48,1,,
31,49,0,32,49,0,,
31,49,0,31,50,0,,
31,49,0,31,49,1,,
31,50,0,32,50,0,,
31,50,0,31,51,0,,
31,50,0,31,50,1,,
31,51,0,32,51,0,,
31,51,0,31,52,0,,
31,51,0,31,51,1,,
31,56,1,31,57,1,,
31,57,0,31,57,1,,
31,57,1,32,57,1,,
31,57,1,31,58,1,,
31,58,0,31,58,1,,
31,58,1,32,58,1,,
31,58,1,31,59,1,,
31,59,0,32,59,0,,
31,60,0,32,60,0,,
31,61,1,32,61,1,,
31,62,1,32,62,1,,
32,6,0,32,7,0,,
32,7,0,33,7,0,,
32,7,0,32,8,0,,
32,7,0,32,7,1,,
32,8,0,33,8,0,,
32,8,0,32,9,0,,
32,8,0,32,8,1,,
32,13,1,33,13,1,,
32,14,1,33,14,1,,
32,18,1,33,18,1,,
32,19,1,33,19,1,,
32,20,1,33,20,1,,
32,21,0,32,22,0,,
32,21,1,33,21,1,,
32,22,0,33,22,0,,
32,22,0,32,23,0,,
32,22,0,32,22,1,,
32,23,0,33,23,0,,
32,23,0,32,24,0,,
32,23,0,32,23,1,,
32,32,0,32,33,0,,
32,33,0,33,33,0,,
32,33,0,32,34,0,,
32,33,0,32,33,1,,
32,34,0,33,34,0,,
32,34,0,32,35,0,,
32,34,0,32,34,1,,
32,34,1,32,35,1,,
32,35,0,32,35,1,,
32,35,1,33,35,1,,
32,35,1,32,36,1,,
32,36,0,32,36,1,,
32,36,1,33,36,1,,
32,36,1,32,37,1,,
32,37,0,32,37,1,,
32,37,1,33,37,1,,
32,37,1,32,38,1,,
32,38,0,32,38,1,,
32,38,1,33,38,1,,
32,38,1,32,39,1,,
32,47,0,32,48,0,,
32,48,0,33,48,0,,
32,48,0,32,49,0,,
32,48,0,32,48,1,,
32,49,0,33,49,0,,
32,49,0,32,50,0,,
32,49,0,32,49,1,,
32,50,0,33,50,0,,
32,50,0,32,51,0,,
32,50,0,32,50,1,,
32,51,0,33,51,0,,
32,51,0,32,52,0,,
32,51,0,32,51,1,,
32,58,0,32,59,0,,
32,59,0,33,59,0,,
32,59,0,32,60,0,,
32,59,0,32,59,1,,
32,60,0,33,60,0,,
32,60,0,32,61,0,,
32,60,0,32,60,1,,
32,60,1,32,61,1,,
32,61,0,32,61,1,,
32,61,1,33,61,1,,
32,61,1,32,62,1,,
32,62,0,32,62,1,,
32,62,1,33,62,1,,
32,62,1,32,63,1,,
33,12,1,33,13,1,,
33,13,0,33,13,1,,
33,13,1,34,13,1,,
33,13,1,33,14,1,,
33,14,0,33,14,1,,
33,14,1,34,14,1,,
33,14,1,33,15,1,,
33,15,0,34,15,0,,
33,16,0,34,16,0,,
33,17,0,34,17,0,,
33,17,1,33,18,1,,
33,18,0,34,18,0,,
33,18,0,33,18,1,,
33,18,1,34,18,1,,
33,18,1,33,19,1,,
33,19,0,33,19,1,,
33,19,1,34,19,1,,
33,19,1,33,20,1,,
33,20,0,33,20,1,,
33,20,1,34,20,1,,
33,20,1,33,21,1,,
33,21,0,33,21,1,,
33,21,1,34,21,1,,
33,21,1,33,22,1,,
33,27,0,34,27,0,,
33,28,0,34,28,0,,
33,30,1,34,30,1,,
33,31,1,34,31,1,,
33,34,1,33,35,1,,
33,35,0,33,35,1,,
33,35,1,34,35,1,,
33,35,1,33,36,1,,
33,36,0,33,36,1,,
33,36,1,34,36,1,,
33,36,1,33,37,1,,
33,37,0,33,37,1,,
33,37,1,34,37,1,,
33,37,1,33,38,1,,
33,38,0,33,38,1,,
33,38,1,34,38,1,,
33,38,1,33,39,1,,
33,52,1,34,52,1,,
33,53,1,34,53,1,,
33,54,1,34,54,1,,
33,55,1,34,55,1,,
34,14,0,34,15,0,,
34,15,0,35,15,0,,
34,15,0,34,16,0,,
34,15,0,34,15,1,,
34,16,0,35,16,0,,
34,16,0,34,17,0,,
34,16,0,34,16,1,,
34,17,0,35,17,0,,
34,17,0,34,18,0,,
34,17,0,34,17,1,,
34,17,1,34,18,1,,
34,18,0,35,18,0,,
34,18,0,34,19,0,,
34,18,0,34,18,1,,
34,18,1,35,18,1,,
34,18,1,34,19,1,,
34,19,0,34,19,1,,
34,19,1,35,19,1,,
34,19,1,34,20,1,,
34,20,0,34,20,1,,
34,20,1,35,20,1,,
34,20,1,34,21,1,,
34,21,0,34,21,1,,
34,21,1,35,21,1,,
34,21,1,34,22,1,,
34,26,0,34,27,0,,
34,27,0,35,27,0,,
34,27,0,34,28,0,,
34,27,0,34,27,1,,
34,28,0,35,28,0,,
34,28,0,34,29,0,,
34,28,0,34,28,1,,
34,29,1,34,30,1,,
34,30,0,34,30,1,,
34,30,1,35,30,1,,
34,30,1,34,31,1,,
34,31,0,34,31,1,,
34,31,1,35,31,1,,
34,31,1,34,32,1,,
34,33,0,35,33,0,,
34,34,0,35,34,0,,
34,34,1,34,35,1,,
34,35,0,34,35,1,,
34,35,1,35,35,1,,
34,35,1,34,36,1,,
34,36,0,34,36,1,,
34,36,1,35,36,1,,
34,36,1,34,37,1,,
34,37,0,34,37,1,,
34,37,1,35,37,1,,
34,37,1,34,38,1,,
34,38,0,34,38,1,,
34,38,1,35,38,1,,
34,38,1,34,39,1,,
34,39,0,35,39,0,,
34,40,0,35,40,0,,
34,41,0,35,41,0,,
34,42,0,35,42,0,,
34,51,1,34,52,1,,
34,52,0,34,52,1,,
34,52,1,35,52,1,,
34,52,1,34,53,1,,
34,53,0,34,53,1,,
34,53,1,35,53,1,,
34,53,1,34,54,1,,
34,54,0,34,54,1,,
34,54,1,35,54,1,,
34,54,1,34,55,1,,
34,55,0,34,55,1,,
34,55,1,35,55,1,,
34,55,1,34,56,1,,
35,1,0,36,1,0,,
35,1,1,36,1,1,,
35,2,0,36,2,0,,
35,2,1,36,2,1,,
35,10,1,36,10,1,,
35,11,1,36,11,1,,
35,12,1,36,12,1,,
35,13,1,36,13,1,,
35,14,0,35,15,0,,
35,15,0,36,15,0,,
35,15,0,35,16,0,,
35,15,0,35,15,1,,
35,16,0,36,16,0,,
35,16,0,35,17,0,,
35,16,0,35,16,1,,
35,17,0,36,17,0,,
35,17,0,35,18,0,,
35,17,0,35,17,1,,
35,17,1,35,18,1,,
35,18,0,36,18,0,,
35,18,0,35,19,0,,
35,18,0,35,18,1,,
35,18,1,36,18,1,,
35,18,1,35,19,1,,
35,19,0,35,19,1,,
35,19,1,36,19,1,,
35,19,1,35,20,1,,
35,20,0,35,20,1,,
35,20,1,36,20,1,,
35,20,1,35,21,1,,
35,21,0,35,21,1,,
35,21,1,36,21,1,,
35,21,1,35,22,1,,
35,32,0,35,33,0,,
35,33,0,36,33,0,,
35,33,0,35,34,0,,
35,33,0,35,33,1,,
35,34,0,36,34,0,,
35,34,0,35,35,0,,
35,34,0,35,34,1,,
35,38,0,35,39,0,,
35,39,0,36,39,0,,
35,39,0,35,40,0,,
35,39,0,35,39,1,,
35,40,0,36,40,0,,
35,40,0,35,41,0,,
35,40,0,35,40,1,,
35,41,0,36,41,0,,
35,41,0,35,42,0,,
35,41,0,35,41,1,,
35,42,0,36,42,0,,
35,42,0,35,43,0,,
35,42,0,35,42,1,,
35,48,1,36,48,1,,
35,49,1,36,49,1,,
35,51,1,35,52,1,,
35,52,0,35,52,1,,
35,52,1,36,52,1,,
35,52,1,35,53,1,,
35,53,0,35,53,1,,
35,53,1,36,53,1,,
35,53,1,35,54,1,,
35,54,0,36,54,0,,
35,54,0,35,54,1,,
35,54,1,36,54,1,,
35,54,1,35,55,1,,
35,55,0,36,55,0,,
35,55,0,35,55,1,,
35,55,1,36,55,1,,
35,55,1,35,56,1,,
36,0,0,36,1,0,,
36,0,1,36,1,1,,
36,1,0,37,1,0,,
36,1,0,36,2,0,,
36,1,0,36,1,1,,
36,1,1,37,1,1,,
36,1,1,36,2,1,,
36,2,0,37,2,0,,
36,2,0,36,3,0,,
36,2,0,36,2,1,,
36,2,1,37,2,1,,
36,2,1,36,3,1,,
36,9,1,36,10,1,,
36,10,0,36,10,1,,
36,10,1,37,10,1,,
36,10,1,36,11,1,,
36,11,0,36,11,1,,
36,11,1,37,11,1,,
36,11,1,36,12,1,,
36,12,0,36,12,1,,
36,12,1,37,12,1,,
36,12,1,36,13,1,,
36,13,0,36,13,1,,
36,13,1,37,13,1,,
36,13,1,36,14,1,,
36,14,0,36,15,0,,
36,15,0,37,15,0,,
36,15,0,36,16,0,,
36,15,0,36,15,1,,
36,16,0,37,16,0,,
36,16,0,36,17,0,,
36,16,0,36,16,1,,
36,17,0,37,17,0,,
36,17,0,36,18,0,,
36,17,0,36,17,1,,
36,17,1,36,18,1,,
36,18,0,37,18,0,,
36,18,0,36,19,0,,
36,18,0,36,18,1,,
36,18,1,37,18,1,,
36,18,1,36,19,1,,
36,19,0,36,19,1,,
36,19,1,37,19,1,,
36,19,1,36,20,1,,
36,20,0,36,20,1,,
36,20,1,37,20,1,,
36,20,1,36,21,1,,
36,21,0,36,21,1,,
36,21,1,37,21,1,,
36,21,1,36,22,1,,
36,26,0,37,26,0,,
36,26,1,37,26,1,,
36,27,0,37,27,0,,
36,27,1,37,27,1,,
36,28,1,37,28,1,,
36,29,1,37,29,1,,
36,38,0,36,39,0,,
36,39,0,37,39,0,,
36,39,0,36,40,0,,
36,39,0,36,39,1,,
36,40,0,37,40,0,,
36,40,0,36,41,0,,
36,40,0,36,40,1,,
36,41,0,37,41,0,,
36,41,0,36,42,0,,
36,41,0,36,41,1,,
36,42,0,37,42,0,,
36,42,0,36,43,0,,
36,42,0,36,42,1,,
36,44,1,37,44,1,,
36,45,0,37,45,0,,
36,45,1,37,45,1,,
36,46,0,37,46,0,,
36,47,1,36,48,1,,
36,48,0,36,48,1,,
36,48,1,37,48,1,,
36,48,1,36,49,1,,
36,49,0,36,49,1,,
36,49,1,37,49,1,,
36,49,1,36,50,1,,
36,51,1,36,52,1,,
36,52,0,36,52,1,,
36,52,1,37,52,1,,
36,52,1,36,53,1,,
36,53,0,36,54,0,,
36,53,0,36,53,1,,
36,53,1,37,53,1,,
36,53,1,36,54,1,,
36,54,0,37,54,0,,
36,54,0,36,55,0,,
36,54,0,36,54,1,,
36,54,1,37,54,1,,
36,54,1,36,55,1,,
36,55,0,37,55,0,,
36,55,0,36,56,0,,
36,55,0,36,55,1,,
36,55,1,37,55,1,,
36,55,1,36,56,1,,
37,9,0,38,9,0,,
37,9,1,37,10,1,,
37,10,0,38,10,0,,
37,10,0,37,10,1,,
37,10,1,38,10,1,,
37,10,1,37,11,1,,
37,11,0,37,11,1,,
37,11,1,38,11,1,,
37,11,1,37,12,1,,
37,12,0,37,12,1,,
37,12,1,38,12,1,,
37,12,1,37,13,1,,
37,13,0,37,13,1,,
37,13,1,38,13,1,,
37,13,1,37,14,1,,
37,14,0,37,15,0,,
37,15,0,38,15,0,,
37,15,0,37,16,0,,
37,15,0,37,15,1,,
37,16,0,38,16,0,,
37,16,0,37,17,0,,
37,16,0,37,16,1,,
37,17,0,38,17,0,,
37,17,0,37,18,0,,
37,17,0,37,17,1,,
37,18,0,38,18,0,,
37,18,0,37,19,0,,
37,18,0,37,18,1,,
37,25,0,37,26,0,,
37,25,1,37,26,1,,
37,26,0,38,26,0,,
37,26,0,37,27,0,,
37,26,0,37,26,1,,
37,26,1,38,26,1,,
37,26,1,37,27,1,,
37,27,0,38,27,0,,
37,27,0,37,28,0,,
37,27,0,37,27,1,,
37,27,1,38,27,1,,
37,27,1,37,28,1,,
37,28,0,37,28,1,,
37,28,1,38,28,1,,
37,28,1,37,29,1,,
37,29,0,37,29,1,,
37,29,1,38,29,1,,
37,29,1,37,30,1,,
37,38,0,37,39,0,,
37,39,0,38,39,0,,
37,39,0,37,40,0,,
37,39,0,37,39,1,,
37,39,1,38,39,1,,
37,40,0,38,40,0,,
37,40,0,37,41,0,,
37,40,0,37,40,1,,
37,40,1,38,40,1,,
37,41,0,38,41,0,,
37,41,0,37,42,0,,
37,41,0,37,41,1,,
37,42,0,38,42,0,,
37,42,0,37,43,0,,
37,42,0,37,42,1,,
37,43,1,37,44,1,,
37,44,0,37,45,0,,
37,44,0,37,44,1,,
37,44,1,38,44,1,,
37,44,1,37,45,1,,
37,45,0,38,45,0,,
37,45,0,37,46,0,,
37,45,0,37,45,1,,
37,45,1,38,45,1,,
37,45,1,37,46,1,,
37,46,0,38,46,0,,
37,46,0,37,47,0,,
37,46,0,37,46,1,,
37,50,0,38,50,0,,
37,51,0,38,51,0,,
37,51,1,37,52,1,,
37,52,0,37,52,1,,
37,52,1,38,52,1,,
37,52,1,37,53,1,,
37,53,0,37,53,1,,
37,53,1,38,53,1,,
37,53,1,37,54,1,,
37,54,0,37,54,1,,
37,54,1,38,54,1,,
37,54,1,37,55,1,,
37,55,0,37,55,1,,
37,55,1,38,55,1,,
37,55,1,37,56,1,,
37,59,1,38,59,1,,
37,60,1,38,60,1,,
38,8,0,38,9,0,,
38,9,0,39,9,0,,
38,9,0,38,10,0,,
38,9,0,38,9,1,,
38,9,1,38,10,1,,
38,10,0,39,10,0,,
38,10,0,38,11,0,,
38,10,0,38,10,1,,
38,10,1,39,10,1,,
38,10,1,38,11,1,,
38,11,0,38,11,1,,
38,11,1,39,11,1,,
38,11,1,38,12,1,,
38,12,0,38,12,1,,
38,12,1,39,12,1,,
38,12,1,38,13,1,,
38,13,0,38,13,1,,
38,13,1,39,13,1,,
38,13,1,38,14,1,,
38,25,1,38,26,1,,
38,26,0,38,26,1,,
38,26,1,39,26,1,,
38,26,1,38,27,1,,
38,27,0,38,27,1,,
38,27,1,39,27,1,,
38,27,1,38,28,1,,
38,28,0,38,28,1,,
38,28,1,39,28,1,,
38,28,1,38,29,1,,
38,29,0,38,29,1,,
38,29,1,39,29,1,,
38,29,1,38,30,1,,
38,33,1,39,33,1,,
38,34,1,39,34,1,,
38,38,0,38,39,0,,
38,38,1,38,39,1,,
38,39,0,39,39,0,,
38,39,0,38,40,0,,
38,39,0,38,39,1,,
38,39,1,39,39,1,,
38,39,1,38,40,1,,
38,40,0,39,40,0,,
38,40,0,38,41,0,,
38,40,0,38,40,1,,
38,40,1,39,40,1,,
38,40,1,38,41,1,,
38,41,0,39,41,0,,
38,41,0,38,42,0,,
38,41,0,38,41,1,,
38,42,0,39,42,0,,
38,42,0,38,43,0,,
38,42,0,38,42,1,,
38,49,0,38,50,0,,
38,50,0,39,50,0,,
38,50,0,38,51,0,,
38,50,0,38,50,1,,
38,51,0,39,51,0,,
38,51,0,38,52,0,,
38,51,0,38,51,1,,
38,58,1,38,59,1,,
38,59,0,38,59,1,,
38,59,1,39,59,1,,
38,59,1,38,60,1,,
38,60,0,38,60,1,,
38,60,1,39,60,1,,
38,60,1,38,61,1,,
39,1,0,40,1,0,,
39,1,1,40,1,1,,
39,2,0,40,2,0,,
39,2,1,40,2,1,,
39,3,0,40,3,0,,
39,4,0,40,4,0,,
39,9,1,39,10,1,,
39,10,0,39,10,1,,
39,10,1,40,10,1,,
39,10,1,39,11,1,,
39,11,0,39,11,1,,
39,11,1,40,11,1,,
39,11,1,39,12,1,,
39,12,0,39,12,1,,
39,12,1,40,12,1,,
39,12,1,39,13,1,,
39,13,0,39,13,1,,
39,13,1,40,13,1,,
39,13,1,39,14,1,,
39,25,1,39,26,1,,
39,26,0,39,26,1,,
39,26,1,40,26,1,,
39,26,1,39,27,1,,
39,27,0,39,27,1,,
39,27,1,40,27,1,,
39,27,1,39,28,1,,
39,28,0,39,28,1,,
39,28,1,40,28,1,,
39,28,1,39,29,1,,
39,29,0,39,29,1,,
39,29,1,40,29,1,,
39,29,1,39,30,1,,
39,32,1,39,33,1,,
39,33,0,39,33,1,,
39,33,1,40,33,1,,
39,33,1,39,34,1,,
39,34,0,39,34,1,,
39,34,1,40,34,1,,
39,34,1,39,35,1,,
40,0,0,40,1,0,,
40,0,1,40,1,1,,
40,1,0,41,1,0,,
40,1,0,40,2,0,,
40,1,0,40,1,1,,
40,1,1,41,1,1,,
40,1,1,40,2,1,,
40,2,0,41,2,0,,
40,2,0,40,3,0,,
40,2,0,40,2,1,,
40,2,1,41,2,1,,
40,2,1,40,3,1,,
40,3,0,41,3,0,,
40,3,0,40,4,0,,
40,3,0,40,3,1,,
40,4,0,41,4,0,,
40,4,0,40,5,0,,
40,4,0,40,4,1,,
40,13,0,41,13,0,,
40,14,0,41,14,0,,
40,24,0,41,24,0,,
40,25,0,41,25,0,,
40,25,1,40,26,1,,
40,26,0,40,26,1,,
40,26,1,41,26,1,,
40,26,1,40,27,1,,
40,27,0,40,27,1,,
40,27,1,41,27,1,,
40,27,1,40,28,1,,
40,28,0,40,28,1,,
40,28,1,41,28,1,,
40,28,1,40,29,1,,
40,29,0,40,29,1,,
40,29,1,41,29,1,,
40,29,1,40,30,1,,
40,48,1,41,48,1,,
40,49,0,41,49,0,,
40,49,1,41,49,1,,
40,50,0,41,50,0,,
40,54,0,41,54,0,,
40,55,0,41,55,0,,
40,61,0,41,61,0,,
40,62,0,41,62,0,,
41,0,0,41,1,0,,
41,1,0,42,1,0,,
41,1,0,41,2,0,,
41,1,0,41,1,1,,
41,2,0,42,2,0,,
41,2,0,41,3,0,,
41,2,0,41,2,1,,
41,3,0,42,3,0,,
41,3,0,41,4,0,,
41,3,0,41,3,1,,
41,4,0,42,4,0,,
41,4,0,41,5,0,,
41,4,0,41,4,1,,
41,12,0,41,13,0,,
41,12,1,42,12,1,,
41,13,0,42,13,0,,
41,13,0,41,14,0,,
41,13,0,41,13,1,,
41,13,1,42,13,1,,
41,14,0,42,14,0,,
41,14,0,41,15,0,,
41,14,0,41,14,1,,
41,14,1,42,14,1,,
41,15,1,42,15,1,,
41,23,0,41,24,0,,
41,24,0,42,24,0,,
41,24,0,41,25,0,,
41,24,0,41,24,1,,
41,25,0,42,25,0,,
41,25,0,41,26,0,,
41,25,0,41,25,1,,
41,31,0,42,31,0,,
41,32,0,42,32,0,,
41,33,0,42,33,0,,
41,34,0,42,34,0,,
41,36,1,42,36,1,,
41,37,1,42,37,1,,
41,38,0,42,38,0,,
41,39,0,42,39,0,,
41,40,0,42,40,0,,
41,41,0,42,41,0,,
41,47,1,41,48,1,,
41,48,0,41,49,0,,
41,48,0,41,48,1,,
41,48,1,42,48,1,,
41,48,1,41,49,1,,
41,49,0,42,49,0,,
41,49,0,41,50,0,,
41,49,0,41,49,1,,
41,49,1,42,49,1,,
41,49,1,41,50,1,,
41,50,0,42,50,0,,
41,50,0,41,51,0,,
41,50,0,41,50,1,,
41,53,0,41,54,0,,
41,54,0,42,54,0,,
41,54,0,41,55,0,,
41,54,0,41,54,1,,
41,55,0,42,55,0,,
41,55,0,41,56,0,,
41,55,0,41,55,1,,
41,60,0,41,61,0,,
41,61,0,42,61,0,,
41,61,0,41,62,0,,
41,61,0,41,61,1,,
41,62,0,42,62,0,,
41,62,0,41,63,0,,
41,62,0,41,62,1,,
42,0,0,42,1,0,,
42,1,0,43,1,0,,
42,1,0,42,2,0,,
42,1,0,42,1,1,,
42,2,0,43,2,0,,
42,2,0,42,3,0,,
42,2,0,42,2,1,,
42,2,1,43,2,1,,
42,3,0,43,3,0,,
42,3,0,42,4,0,,
42,3,0,42,3,1,,
42,3,1,43,3,1,,
42,4,0,43,4,0,,
42,4,0,42,5,0,,
42,4,0,42,4,1,,
42,11,1,42,12,1,,
42,12,0,42,12,1,,
42,12,1,43,12,1,,
42,12,1,42,13,1,,
42,13,0,42,13,1,,
42,13,1,43,13,1,,
42,13,1,42,14,1,,
42,14,0,42,14,1,,
42,14,1,43,14,1,,
42,14,1,42,15,1,,
42,15,0,42,15,1,,
42,15,1,43,15,1,,
42,15,1,42,16,1,,
42,30,0,42,31,0,,
42,31,0,43,31,0,,
42,31,0,42,32,0,,
42,31,0,42,31,1,,
42,32,0,43,32,0,,
42,32,0,42,33,0,,
42,32,0,42,32,1,,
42,33,0,43,33,0,,
42,33,0,42,34,0,,
42,33,0,42,33,1,,
42,34,0,43,34,0,,
42,34,0,42,35,0,,
42,34,0,42,34,1,,
42,35,1,42,36,1,,
42,36,0,42,36,1,,
42,36,1,43,36,1,,
42,36,1,42,37,1,,
42,37,0,42,38,0,,
42,37,0,42,37,1,,
42,37,1,43,37,1,,
42,37,1,42,38,1,,
42,38,0,43,38,0,,
42,38,0,42,39,0,,
42,38,0,42,38,1,,
42,39,0,43,39,0,,
42,39,0,42,40,0,,
42,39,0,42,39,1,,
42,40,0,43,40,0,,
42,40,0,42,41,0,,
42,40,0,42,40,1,,
42,41,0,43,41,0,,
42,41,0,42,42,0,,
42,41,0,42,41,1,,
42,56,1,43,56,1,,
42,57,1,43,57,1,,
42,58,1,43,58,1,,
42,59,1,43,59,1,,
43,0,0,43,1,0,,
43,1,0,44,1,0,,
43,1,0,43,2,0,,
43,1,0,43,1,1,,
43,1,1,43,2,1,,
43,2,0,44,2,0,,
43,2,0,43,3,0,,
43,2,0,43,2,1,,
43,2,1,44,2,1,,
43,2,1,43,3,1,,
43,3,0,44,3,0,,
43,3,0,43,4,0,,
43,3,0,43,3,1,,
43,3,1,44,3,1,,
43,3,1,43,4,1,,
43,4,0,44,4,0,,
43,4,0,43,5,0,,
43,4,0,43,4,1,,
43,7,0,44,7,0,,
43,8,0,44,8,0,,
43,11,0,44,11,0,,
43,11,1,43,12,1,,
43,12,0,44,12,0,,
43,12,0,43,12,1,,
43,12,1,44,12,1,,
43,12,1,43,13,1,,
43,13,0,43,13,1,,
43,13,1,44,13,1,,
43,13,1,43,14,1,,
43,14,0,43,14,1,,
43,14,1,44,14,1,,
43,14,1,43,15,1,,
43,15,0,43,15,1,,
43,15,1,44,15,1,,
43,15,1,43,16,1,,
43,16,0,44,16,0,,
43,17,0,44,17,0,,
43,19,1,44,19,1,,
43,20,1,44,20,1,,
43,30,0,43,31,0,,
43,31,0,44,31,0,,
43,31,0,43,32,0,,
43,31,0,43,31,1,,
43,32,0,44,32,0,,
43,32,0,43,33,0,,
43,32,0,43,32,1,,
43,33,0,44,33,0,,
43,33,0,43,34,0,,
43,33,0,43,33,1,,
43,34,0,44,34,0,,
43,34,0,43,35,0,,
43,34,0,43,34,1,,
43,37,0,43,38,0,,
43,38,0,44,38,0,,
43,38,0,43,39,0,,
43,38,0,43,38,1,,
43,39,0,44,39,0,,
43,39,0,43,40,0,,
43,39,0,43,39,1,,
43,40,0,44,40,0,,
43,40,0,43,41,0,,
43,40,0,43,40,1,,
43,41,0,44,41,0,,
43,41,0,43,42,0,,
43,41,0,43,41,1,,
43,43,1,44,43,1,,
43,44,1,44,44,1,,
43,45,1,44,45,1,,
43,46,1,44,46,1,,
43,55,0,44,55,0,,
43,55,1,43,56,1,,
43,56,0,44,56,0,,
43,56,0,43,56,1,,
43,56,1,44,56,1,,
43,56,1,43,57,1,,
43,57,0,43,57,1,,
43,57,1,44,57,1,,
43,57,1,43,58,1,,
43,58,0,43,58,1,,
43,58,1,44,58,1,,
43,58,1,43,59,1,,
43,59,0,43,59,1,,
43,59,1,44,59,1,,
43,59,1,43,60,1,,
44,6,0,44,7,0,,
44,7,0,45,7,0,,
44,7,0,44,8,0,,
44,7,0,44,7,1,,
44,8,0,45,8,0,,
44,8,0,44,9,0,,
44,8,0,44,8,1,,
44,10,0,44,11,0,,
44,11,0,45,11,0,,
44,11,0,44,12,0,,
44,11,0,44,11,1,,
44,11,1,44,12,1,,
44,12,0,45,12,0,,
44,12,0,44,13,0,,
44,12,0,44,12,1,,
44,12,1,45,12,1,,
44,12,1,44,13,1,,
44,13,0,44,13,1,,
44,13,1,45,13,1,,
44,13,1,44,14,1,,
44,14,0,44,14,1,,
44,14,1,45,14,1,,
44,14,1,44,15,1,,
44,15,0,44,16,0,,
44,15,0,44,15,1,,
44,15,1,45,15,1,,
44,15,1,44,16,1,,
44,16,0,45,16,0,,
44,16,0,44,17,0,,
44,16,0,44,16,1,,
44,17,0,45,17,0,,
44,17,0,44,18,0,,
44,17,0,44,17,1,,
44,18,1,44,19,1,,
44,19,0,44,19,1,,
44,19,1,45,19,1,,
44,19,1,44,20,1,,
44,20,0,45,20,0,,
44,20,0,44,20,1,,
44,20,1,45,20,1,,
44,20,1,44,21,1,,
44,21,0,45,21,0,,
44,22,0,45,22,0,,
44,23,0,45,23,0,,
44,25,1,45,25,1,,
44,26,1,45,26,1,,
44,27,1,45,27,1,,
44,28,1,45,28,1,,
44,30,0,44,31,0,,
44,31,0,45,31,0,,
44,31,0,44,32,0,,
44,31,0,44,31,1,,
44,32,0,45,32,0,,
44,32,0,44,33,0,,
44,32,0,44,32,1,,
44,33,0,45,33,0,,
44,33,0,44,34,0,,
44,33,0,44,33,1,,
44,33,1,45,33,1,,
44,34,0,45,34,0,,
44,34,0,44,35,0,,
44,34,0,44,34,1,,
44,34,1,45,34,1,,
44,35,1,45,35,1,,
44,36,1,45,36,1,,
44,37,0,44,38,0,,
44,38,0,45,38,0,,
44,38,0,44,39,0,,
44,38,0,44,38,1,,
44,39,0,45,39,0,,
44,39,0,44,40,0,,
44,39,0,44,39,1,,
44,40,0,45,40,0,,
44,40,0,44,41,0,,
44,40,0,44,40,1,,
44,41,0,45,41,0,,
44,41,0,44,42,0,,
44,41,0,44,41,1,,
44,42,1,44,43,1,,
44,43,0,44,43,1,,
44,43,1,45,43,1,,
44,43,1,44,44,1,,
44,44,0,44,44,1,,
44,44,1,45,44,1,,
44,44,1,44,45,1,,
44,45,0,44,45,1,,
44,45,1,45,45,1,,
44,45,1,44,46,1,,
44,46,0,44,46,1,,
44,46,1,45,46,1,,
44,46,1,44,47,1,,
44,54,0,44,55,0,,
44,55,0,45,55,0,,
44,55,0,44,56,0,,
44,55,0,44,55,1,,
44,55,1,44,56,1,,
44,56,0,45,56,0,,
44,56,0,44,57,0,,
44,56,0,44,56,1,,
44,56,1,45,56,1,,
44,56,1,44,57,1,,
44,57,0,44,57,1,,
44,57,1,45,57,1,,
44,57,1,44,58,1,,
44,58,0,44,58,1,,
44,58,1,45,58,1,,
44,58,1,44,59,1,,
44,59,0,44,59,1,,
44,59,1,45,59,1,,
44,59,1,44,60,1,,
45,11,1,45,12,1,,
45,12,0,45,12,1,,
45,12,1,46,12,1,,
45,12,1,45,13,1,,
45,13,0,45,13,1,,
45,13,1,46,13,1,,
45,13,1,45,14,1,,
45,14,0,45,14,1,,
45,14,1,46,14,1,,
45,14,1,45,15,1,,
45,15,0,45,15,1,,
45,15,1,46,15,1,,
45,15,1,45,16,1,,
45,19,0,45,20,0,,
45,20,0,46,20,0,,
45,20,0,45,21,0,,
45,20,0,45,20,1,,
45,21,0,46,21,0,,
45,21,0,45,22,0,,
45,21,0,45,21,1,,
45,22,0,46,22,0,,
45,22,0,45,23,0,,
45,22,0,45,22,1,,
45,23,0,46,23,0,,
45,23,0,45,24,0,,
45,23,0,45,23,1,,
45,24,1,45,25,1,,
45,25,0,45,25,1,,
45,25,1,46,25,1,,
45,25,1,45,26,1,,
45,26,0,45,26,1,,
45,26,1,46,26,1,,
45,26,1,45,27,1,,
45,27,0,45,27,1,,
45,27,1,46,27,1,,
45,27,1,45,28,1,,
45,28,0,45,28,1,,
45,28,1,46,28,1,,
45,28,1,45,29,1,,
45,30,0,45,31,0,,
45,31,0,46,31,0,,
45,31,0,45,32,0,,
45,31,0,45,31,1,,
45,32,0,46,32,0,,
45,32,0,45,33,0,,
45,32,0,45,32,1,,
45,32,1,45,33,1,,
45,33,0,46,33,0,,
45,33,0,45,34,0,,
45,33,0,45,33,1,,
45,33,1,46,33,1,,
45,33,1,45,34,1,,
45,34,0,46,34,0,,
45,34,0,45,35,0,,
45,34,0,45,34,1,,
45,34,1,46,34,1,,
45,34,1,45,35,1,,
45,35,0,45,35,1,,
45,35,1,46,35,1,,
45,35,1,45,36,1,,
45,36,0,45,36,1,,
45,36,1,46,36,1,,
45,36,1,45,37,1,,
45,37,0,45,38,0,,
45,38,0,46,38,0,,
45,38,0,45,39,0,,
45,38,0,45,38,1,,
45,39,0,46,39,0,,
45,39,0,45,40,0,,
45,39,0,45,39,1,,
45,40,0,46,40,0,,
45,40,0,45,41,0,,
45,40,0,45,40,1,,
45,41,0,46,41,0,,
45,41,0,45,42,0,,
45,41,0,45,41,1,,
45,42,1,45,43,1,,
45,43,0,45,43,1,,
45,43,1,46,43,1,,
45,43,1,45,44,1,,
45,44,0,45,44,1,,
45,44,1,46,44,1,,
45,44,1,45,45,1,,
45,45,0,45,45,1,,
45,45,1,46,45,1,,
45,45,1,45,46,1,,
45,46,0,45,46,1,,
45,46,1,46,46,1,,
45,46,1,45,47,1,,
45,55,1,45,56,1,,
45,56,0,45,56,1,,
45,56,1,46,56,1,,
45,56,1,45,57,1,,
45,57,0,45,57,1,,
45,57,1,46,57,1,,
45,57,1,45,58,1,,
45,58,0,45,58,1,,
45,58,1,46,58,1,,
45,58,1,45,59,1,,
45,59,0,45,59,1,,
45,59,1,46,59,1,,
45,59,1,45,60,1,,
46,3,0,47,3,0,,
46,4,0,47,4,0,,
46,19,0,46,20,0,,
46,20,0,47,20,0,,
46,20,0,46,21,0,,
46,20,0,46,20,1,,
46,21,0,47,21,0,,
46,21,0,46,22,0,,
46,21,0,46,21,1,,
46,22,0,47,22,0,,
46,22,0,46,23,0,,
46,22,0,46,22,1,,
46,23,0,47,23,0,,
46,23,0,46,24,0,,
46,23,0,46,23,1,,
46,24,1,46,25,1,,
46,25,0,46,25,1,,
46,25,1,47,25,1,,
46,25,1,46,26,1,,
46,26,0,46,26,1,,
46,26,1,47,26,1,,
46,26,1,46,27,1,,
46,27,0,46,27,1,,
46,27,1,47,27,1,,
46,27,1,46,28,1,,
46,28,0,46,28,1,,
46,28,1,47,28,1,,
46,28,1,46,29,1,,
46,32,1,46,33,1,,
46,33,0,46,33,1,,
46,33,1,47,33,1,,
46,33,1,46,34,1,,
46,34,0,46,34,1,,
46,34,1,47,34,1,,
46,34,1,46,35,1,,
46,35,0,46,35,1,,
46,35,1,47,35,1,,
46,35,1,46,36,1,,
46,36,0,46,36,1,,
46,36,1,47,36,1,,
46,36,1,46,37,1,,
46,42,1,46,43,1,,
46,43,0,46,43,1,,
46,43,1,47,43,1,,
46,43,1,46,44,1,,
46,44,0,47,44,0,,
46,44,0,46,44,1,,
46,44,1,47,44,1,,
46,44,1,46,45,1,,
46,45,0,47,45,0,,
46,45,0,46,45,1,,
46,45,1,47,45,1,,
46,45,1,46,46,1,,
46,46,0,47,46,0,,
46,46,0,46,46,1,,
46,46,1,47,46,1,,
46,46,1,46,47,1,,
46,47,0,47,47,0,,
46,50,1,47,50,1,,
46,51,1,47,51,1,,
46,52,1,47,52,1,,
46,53,0,47,53,0,,
46,53,1,47,53,1,,
46,54,0,47,54,0,,
46,55,1,46,56,1,,
46,56,0,46,56,1,,
46,56,1,47,56,1,,
46,56,1,46,57,1,,
46,57,0,46,57,1,,
46,57,1,47,57,1,,
46,57,1,46,58,1,,
46,58,0,46,58,1,,
46,58,1,47,58,1,,
46,58,1,46,59,1,,
46,59,0,46,59,1,,
46,59,1,47,59,1,,
46,59,1,46,60,1,,
47,1,1,48,1,1,,
47,2,0,47,3,0,,
47,2,1,48,2,1,,
47,3,0,48,3,0,,
47,3,0,47,4,0,,
47,3,0,47,3,1,,
47,4,0,48,4,0,,
47,4,0,47,5,0,,
47,4,0,47,4,1,,
47,9,0,48,9,0,,
47,10,0,48,10,0,,
47,14,0,48,14,0,,
47,15,0,48,15,0,,
47,19,0,47,20,0,,
47,20,0,48,20,0,,
47,20,0,47,21,0,,
47,20,0,47,20,1,,
47,21,0,48,21,0,,
47,21,0,47,22,0,,
47,21,0,47,21,1,,
47,22,0,48,22,0,,
47,22,0,47,23,0,,
47,22,0,47,22,1,,
47,23,0,48,23,0,,
47,23,0,47,24,0,,
47,23,0,47,23,1,,
47,24,1,47,25,1,,
47,25,0,47,25,1,,
47,25,1,48,25,1,,
47,25,1,47,26,1,,
47,26,0,47,26,1,,
47,26,1,48,26,1,,
47,26,1,47,27,1,,
47,27,0,47,27,1,,
47,27,1,48,27,1,,
47,27,1,47,28,1,,
47,28,0,47,28,1,,
47,28,1,48,28,1,,
47,28,1,47,29,1,,
47,31,0,48,31,0,,
47,32,0,48,32,0,,
47,32,1,47,33,1,,
47,33,0,47,33,1,,
47,33,1,48,33,1,,
47,33,1,47,34,1,,
47,34,0,47,34,1,,
47,34,1,48,34,1,,
47,34,1,47,35,1,,
47,35,0,47,35,1,,
47,35,1,48,35,1,,
47,35,1,47,36,1,,
47,36,0,47,36,1,,
47,36,1,48,36,1,,
47,36,1,47,37,1,,
47,42,1,47,43,1,,
47,43,0,47,44,0,,
47,43,0,47,43,1,,
47,43,1,48,43,1,,
47,43,1,47,44,1,,
47,44,0,48,44,0,,
47,44,0,47,45,0,,
47,44,0,47,44,1,,
47,44,1,48,44,1,,
47,44,1,47,45,1,,
47,45,0,48,45,0,,
47,45,0,47,46,0,,
47,45,0,47,45,1,,
47,45,1,48,45,1,,
47,45,1,47,46,1,,
47,46,0,48,46,0,,
47,46,0,47,47,0,,
47,46,0,47,46,1,,
47,46,1,48,46,1,,
47,46,1,47,47,1,,
47,47,0,48,47,0,,
47,47,0,47,48,0,,
47,47,0,47,47,1,,
47,49,1,47,50,1,,
47,50,0,47,50,1,,
47,50,1,48,50,1,,
47,50,1,47,51,1,,
47,51,0,47,51,1,,
47,51,1,48,51,1,,
47,51,1,47,52,1,,
47,52,0,47,53,0,,
47,52,0,47,52,1,,
47,52,1,48,52,1,,
47,52,1,47,53,1,,
47,53,0,48,53,0,,
47,53,0,47,54,0,,
47,53,0,47,53,1,,
47,53,1,48,53,1,,
47,53,1,47,54,1,,
47,54,0,48,54,0,,
47,54,0,47,55,0,,
47,54,0,47,54,1,,
47,58,0,48,58,0,,
47,59,0,48,59,0,,
47,60,0,48,60,0,,
47,61,0,48,61,0,,
48,0,1,48,1,1,,
48,1,0,48,1,1,,
48,1,1,49,1,1,,
48,1,1,48,2,1,,
48,2,0,48,2,1,,
48,2,1,49,2,1,,
48,2,1,48,3,1,,
48,8,0,48,9,0,,
48,9,0,49,9,0,,
48,9,0,48,10,0,,
48,9,0,48,9,1,,
48,10,0,49,10,0,,
48,10,0,48,11,0,,
48,10,0,48,10,1,,
48,11,1,49,11,1,,
48,12,1,49,12,1,,
48,13,0,48,14,0,,
48,14,0,49,14,0,,
48,14,0,48,15,0,,
48,14,0,48,14,1,,
48,15,0,49,15,0,,
48,15,0,48,16,0,,
48,15,0,48,15,1,,
48,19,0,48,20,0,,
48,20,0,49,20,0,,
48,20,0,48,21,0,,
48,20,0,48,20,1,,
48,21,0,49,21,0,,
48,21,0,48,22,0,,
48,21,0,48,21,1,,
48,22,0,49,22,0,,
48,22,0,48,23,0,,
48,22,0,48,22,1,,
48,23,0,49,23,0,,
48,23,0,48,24,0,,
48,23,0,48,23,1,,
48,24,1,48,25,1,,
48,25,0,48,25,1,,
48,25,1,49,25,1,,
48,25,1,48,26,1,,
48,26,0,48,26,1,,
48,26,1,49,26,1,,
48,26,1,48,27,1,,
48,27,0,48,27,1,,
48,27,1,49,27,1,,
48,27,1,48,28,1,,
48,28,0,48,28,1,,
48,28,1,49,28,1,,
48,28,1,48,29,1,,
48,30,0,48,31,0,,
48,31,0,49,31,0,,
48,31,0,48,32,0,,
48,31,0,48,31,1,,
48,32,0,49,32,0,,
48,32,0,48,33,0,,
48,32,0,48,32,1,,
48,32,1,48,33,1,,
48,33,0,48,33,1,,
48,33,1,49,33,1,,
48,33,1,48,34,1,,
48,34,0,48,34,1,,
48,34,1,49,34,1,,
48,34,1,48,35,1,,
48,35,0,48,35,1,,
48,35,1,49,35,1,,
48,35,1,48,36,1,,
48,36,0,48,36,1,,
48,36,1,49,36,1,,
48,36,1,48,37,1,,
48,40,0,49,40,0,,
48,41,0,49,41,0,,
48,43,0,48,44,0,,
48,44,0,49,44,0,,
48,44,0,48,45,0,,
48,44,0,48,44,1,,
48,45,0,49,45,0,,
48,45,0,48,46,0,,
48,45,0,48,45,1,,
48,46,0,49,46,0,,
48,46,0,48,47,0,,
48,46,0,48,46,1,,
48,47,0,49,47,0,,
48,47,0,48,48,0,,
48,47,0,48,47,1,,
48,49,1,48,50,1,,
48,50,0,48,50,1,,
48,50,1,49,50,1,,
48,50,1,48,51,1,,
48,51,0,48,51,1,,
48,51,1,49,51,1,,
48,51,1,48,52,1,,
48,52,0,48,52,1,,
48,52,1,49,52,1,,
48,52,1,48,53,1,,
48,53,0,48,53,1,,
48,53,1,49,53,1,,
48,53,1,48,54,1,,
48,57,0,48,58,0,,
48,58,0,49,58,0,,
48,58,0,48,59,0,,
48,58,0,48,58,1,,
48,59,0,49,59,0,,
48,59,0,48,60,0,,
48,59,0,48,59,1,,
48,60,0,49,60,0,,
48,60,0,48,61,0,,
48,60,0,48,60,1,,
48,61,0,49,61,0,,
48,61,0,48,62,0,,
48,61,0,48,61,1,,
49,2,0,50,2,0,,
49,3,0,50,3,0,,
49,10,1,49,11,1,,
49,11,0,49,11,1,,
49,11,1,50,11,1,,
49,11,1,49,12,1,,
49,12,0,49,12,1,,
49,12,1,50,12,1,,
49,12,1,49,13,1,,
49,39,0,49,40,0,,
49,40,0,50,40,0,,
49,40,0,49,41,0,,
49,40,0,49,40,1,,
49,41,0,50,41,0,,
49,41,0,49,42,0,,
49,41,0,49,41,1,,
49,43,0,49,44,0,,
49,44,0,50,44,0,,
49,44,0,49,45,0,,
49,44,0,49,44,1,,
49,45,0,50,45,0,,
49,45,0,49,46,0,,
49,45,0,49,45,1,,
49,46,0,50,46,0,,
49,46,0,49,47,0,,
49,46,0,49,46,1,,
49,47,0,50,47,0,,
49,47,0,49,48,0,,
49,47,0,49,47,1,,
49,49,1,49,50,1,,
49,50,0,49,50,1,,
49,50,1,50,50,1,,
49,50,1,49,51,1,,
49,51,0,49,51,1,,
49,51,1,50,51,1,,
49,51,1,49,52,1,,
49,52,0,49,52,1,,
49,52,1,50,52,1,,
49,52,1,49,53,1,,
49,53,0,50,53,0,,
49,53,0,49,53,1,,
49,53,1,50,53,1,,
49,53,1,49,54,1,,
49,54,0,50,54,0,,
49,57,0,49,58,0,,
49,58,0,50,58,0,,
49,58,0,49,59,0,,
49,58,0,49,58,1,,
49,59,0,50,59,0,,
49,59,0,49,60,0,,
49,59,0,49,59,1,,
49,60,0,50,60,0,,
49,60,0,49,61,0,,
49,60,0,49,60,1,,
49,61,0,50,61,0,,
49,61,0,49,62,0,,
49,61,0,49,61,1,,
50,1,0,50,2,0,,
50,2,0,51,2,0,,
50,2,0,50,3,0,,
50,2,0,50,2,1,,
50,2,1,51,2,1,,
50,3,0,51,3,0,,
50,3,0,50,4,0,,
50,3,0,50,3,1,,
50,3,1,51,3,1,,
50,4,1,51,4,1,,
50,5,1,51,5,1,,
50,22,0,51,22,0,,
50,23,0,51,23,0,,
50,27,0,51,27,0,,
50,28,0,51,28,0,,
50,36,0,51,36,0,,
50,37,0,51,37,0,,
50,43,0,50,44,0,,
50,43,1,51,43,1,,
50,44,0,51,44,0,,
50,44,0,50,45,0,,
50,44,0,50,44,1,,
50,44,1,51,44,1,,
50,45,0,51,45,0,,
50,45,0,50,46,0,,
50,45,0,50,45,1,,
50,46,0,51,46,0,,
50,46,0,50,47,0,,
50,46,0,50,46,1,,
50,47,0,51,47,0,,
50,47,0,50,48,0,,
50,47,0,50,47,1,,
50,49,1,50,50,1,,
50,50,0,50,50,1,,
50,50,1,51,50,1,,
50,50,1,50,51,1,,
50,51,0,50,51,1,,
50,51,1,51,51,1,,
50,51,1,50,52,1,,
50,52,0,50,53,0,,
50,52,0,50,52,1,,
50,52,1,51,52,1,,
50,52,1,50,53,1,,
50,53,0,51,53,0,,
50,53,0,50,54,0,,
50,53,0,50,53,1,,
50,53,1,51,53,1,,
50,53,1,50,54,1,,
50,54,0,51,54,0,,
50,54,0,50,55,0,,
50,54,0,50,54,1,,
50,57,0,50,58,0,,
50,58,0,51,58,0,,
50,58,0,50,59,0,,
50,58,0,50,58,1,,
50,59,0,51,59,0,,
50,59,0,50,60,0,,
50,59,0,50,59,1,,
50,60,0,51,60,0,,
50,60,0,50,61,0,,
50,60,0,50,60,1,,
50,61,0,51,61,0,,
50,61,0,50,62,0,,
50,61,0,50,61,1,,
51,1,1,51,2,1,,
51,2,0,51,2,1,,
51,2,1,52,2,1,,
51,2,1,51,3,1,,
51,3,0,51,3,1,,
51,3,1,52,3,1,,
51,3,1,51,4,1,,
51,4,0,51,4,1,,
51,4,1,52,4,1,,
51,4,1,51,5,1,,
51,5,0,51,5,1,,
51,5,1,52,5,1,,
51,5,1,51,6,1,,
51,12,1,52,12,1,,
51,13,1,52,13,1,,
51,14,1,52,14,1,,
51,15,1,52,15,1,,
51,19,1,52,19,1,,
51,20,1,52,20,1,,
51,21,0,51,22,0,,
51,22,0,52,22,0,,
51,22,0,51,23,0,,
51,22,0,51,22,1,,
51,23,0,52,23,0,,
51,23,0,51,24,0,,
51,23,0,51,23,1,,
51,24,1,52,24,1,,
51,25,1,52,25,1,,
51,26,0,51,27,0,,
51,26,1,52,26,1,,
51,27,0,52,27,0,,
51,27,0,51,28,0,,
51,27,0,51,27,1,,
51,27,1,52,27,1,,
51,28,0,52,28,0,,
51,28,0,51,29,0,,
51,28,0,51,28,1,,
51,32,1,52,32,1,,
51,33,1,52,33,1,,
51,35,0,51,36,0,,
51,36,0,52,36,0,,
51,36,0,51,37,0,,
51,36,0,51,36,1,,
51,37,0,52,37,0,,
51,37,0,51,38,0,,
51,37,0,51,37,1,,
51,42,1,51,43,1,,
51,43,0,51,43,1,,
51,43,1,52,43,1,,
51,43,1,51,44,1,,
51,44,0,51,44,1,,
51,44,1,52,44,1,,
51,44,1,51,45,1,,
51,57,0,51,58,0,,
51,58,0,52,58,0,,
51,58,0,51,59,0,,
51,58,0,51,58,1,,
51,59,0,52,59,0,,
51,59,0,51,60,0,,
51,59,0,51,59,1,,
51,60,0,52,60,0,,
51,60,0,51,61,0,,
51,60,0,51,60,1,,
51,61,0,52,61,0,,
51,61,0,51,62,0,,
51,61,0,51,61,1,,
52,1,1,52,2,1,,
52,2,0,52,2,1,,
52,2,1,53,2,1,,
52,2,1,52,3,1,,
52,3,0,53,3,0,,
52,3,0,52,3,1,,
52,3,1,53,3,1,,
52,3,1,52,4,1,,
52,4,0,53,4,0,,
52,4,0,52,4,1,,
52,4,1,53,4,1,,
52,4,1,52,5,1,,
52,5,0,53,5,0,,
52,5,0,52,5,1,,
52,5,1,53,5,1,,
52,5,1,52,6,1,,
52,6,0,53,6,0,,
52,11,0,53,11,0,,
52,11,1,52,12,1,,
52,12,0,53,12,0,,
52,12,0,52,12,1,,
52,12,1,53,12,1,,
52,12,1,52,13,1,,
52,13,0,53,13,0,,
52,13,0,52,13,1,,
52,13,1,53,13,1,,
52,13,1,52,14,1,,
52,14,0,53,14,0,,
52,14,0,52,14,1,,
52,14,1,53,14,1,,
52,14,1,52,15,1,,
52,15,0,52,15,1,,
52,15,1,53,15,1,,
52,15,1,52,16,1,,
52,18,0,53,18,0,,
52,18,1,52,19,1,,
52,19,0,53,19,0,,
52,19,0,52,19,1,,
52,19,1,53,19,1,,
52,19,1,52,20,1,,
52,20,0,52,20,1,,
52,20,1,53,20,1,,
52,20,1,52,21,1,,
52,23,1,52,24,1,,
52,24,0,52,24,1,,
52,24,1,53,24,1,,
52,24,1,52,25,1,,
52,25,0,52,25,1,,
52,25,1,53,25,1,,
52,25,1,52,26,1,,
52,26,0,52,26,1,,
52,26,1,53,26,1,,
52,26,1,52,27,1,,
52,27,0,52,27,1,,
52,27,1,53,27,1,,
52,27,1,52,28,1,,
52,31,1,52,32,1,,
52,32,0,52,32,1,,
52,32,1,53,32,1,,
52,32,1,52,33,1,,
52,33,0,52,33,1,,
52,33,1,53,33,1,,
52,33,1,52,34,1,,
52,50,0,53,50,0,,
52,51,0,53,51,0,,
53,1,1,53,2,1,,
53,2,0,53,3,0,,
53,2,0,53,2,1,,
53,2,1,54,2,1,,
53,2,1,53,3,1,,
53,3,0,54,3,0,,
53,3,0,53,4,0,,
53,3,0,53,3,1,,
53,3,1,54,3,1,,
53,3,1,53,4,1,,
53,4,0,54,4,0,,
53,4,0,53,5,0,,
53,4,0,53,4,1,,
53,4,1,54,4,1,,
53,4,1,53,5,1,,
53,5,0,54,5,0,,
53,5,0,53,6,0,,
53,5,0,53,5,1,,
53,5,1,54,5,1,,
53,5,1,53,6,1,,
53,6,0,54,6,0,,
53,6,0,53,7,0,,
53,6,0,53,6,1,,
53,10,0,53,11,0,,
53,11,0,54,11,0,,
53,11,0,53,12,0,,
53,11,0,53,11,1,,
53,11,1,53,12,1,,
53,12,0,54,12,0,,
53,12,0,53,13,0,,
53,12,0,53,12,1,,
53,12,1,54,12,1,,
53,12,1,53,13,1,,
53,13,0,54,13,0,,
53,13,0,53,14,0,,
53,13,0,53,13,1,,
53,13,1,54,13,1,,
53,13,1,53,14,1,,
53,14,0,54,14,0,,
53,14,0,53,15,0,,
53,14,0,53,14,1,,
53,14,1,54,14,1,,
53,14,1,53,15,1,,
53,15,0,53,15,1,,
53,15,1,54,15,1,,
53,15,1,53,16,1,,
53,17,0,53,18,0,,
53,18,0,54,18,0,,
53,18,0,53,19,0,,
53,18,0,53,18,1,,
53,19,0,54,19,0,,
53,19,0,53,20,0,,
53,19,0,53,19,1,,
53,23,1,53,24,1,,
53,24,0,53,24,1,,
53,24,1,54,24,1,,
53,24,1,53,25,1,,
53,25,0,53,25,1,,
53,25,1,54,25,1,,
53,25,1,53,26,1,,
53,26,0,53,26,1,,
53,26,1,54,26,1,,
53,26,1,53,27,1,,
53,27,0,53,27,1,,
53,27,1,54,27,1,,
53,27,1,53,28,1,,
53,38,1,54,38,1,,
53,39,1,54,39,1,,
53,46,1,54,46,1,,
53,47,1,54,47,1,,
53,49,0,53,50,0,,
53,50,0,54,50,0,,
53,50,0,53,51,0,,
53,50,0,53,50,1,,
53,51,0,54,51,0,,
53,51,0,53,52,0,,
53,51,0,53,51,1,,
53,54,1,54,54,1,,
53,55,1,54,55,1,,
53,57,0,54,57,0,,
53,58,0,54,58,0,,
53,59,0,54,59,0,,
53,60,0,54,60,0,,
54,1,1,54,2,1,,
54,2,0,54,3,0,,
54,2,0,54,2,1,,
54,2,1,55,2,1,,
54,2,1,54,3,1,,
54,3,0,55,3,0,,
54,3,0,54,4,0,,
54,3,0,54,3,1,,
54,3,1,55,3,1,,
54,3,1,54,4,1,,
54,4,0,55,4,0,,
54,4,0,54,5,0,,
54,4,0,54,4,1,,
54,4,1,55,4,1,,
54,4,1,54,5,1,,
54,5,0,55,5,0,,
54,5,0,54,6,0,,
54,5,0,54,5,1,,
54,5,1,55,5,1,,
54,5,1,54,6,1,,
54,6,0,55,6,0,,
54,6,0,54,7,0,,
54,6,0,54,6,1,,
54,10,0,54,11,0,,
54,11,0,55,11,0,,
54,11,0,54,12,0,,
54,11,0,54,11,1,,
54,11,1,54,12,1,,
54,12,0,55,12,0,,
54,12,0,54,13,0,,
54,12,0,54,12,1,,
54,12,1,55,12,1,,
54,12,1,54,13,1,,
54,13,0,55,13,0,,
54,13,0,54,14,0,,
54,13,0,54,13,1,,
54,13,1,55,13,1,,
54,13,1,54,14,1,,
54,14,0,55,14,0,,
54,14,0,54,15,0,,
54,14,0,54,14,1,,
54,14,1,55,14,1,,
54,14,1,54,15,1,,
54,15,0,54,15,1,,
54,15,1,55,15,1,,
54,15,1,54,16,1,,
54,23,1,54,24,1,,
54,24,0,54,24,1,,
54,24,1,55,24,1,,
54,24,1,54,25,1,,
54,25,0,54,25,1,,
54,25,1,55,25,1,,
54,25,1,54,26,1,,
54,26,0,54,26,1,,
54,26,1,55,26,1,,
54,26,1,54,27,1,,
54,27,0,54,27,1,,
54,27,1,55,27,1,,
54,27,1,54,28,1,,
54,37,1,54,38,1,,
54,38,0,54,38,1,,
54,38,1,55,38,1,,
54,38,1,54,39,1,,
54,39,0,54,39,1,,
54,39,1,55,39,1,,
54,39,1,54,40,1,,
54,41,0,55,41,0,,
54,42,0,55,42,0,,
54,45,1,54,46,1,,
54,46,0,54,46,1,,
54,46,1,55,46,1,,
54,46,1,54,47,1,,
54,47,0,54,47,1,,
54,47,1,55,47,1,,
54,47,1,54,48,1,,
54,53,1,54,54,1,,
54,54,0,54,54,1,,
54,54,1,55,54,1,,
54,54,1,54,55,1,,
54,55,0,54,55,1,,
54,55,1,55,55,1,,
54,55,1,54,56,1,,
54,56,0,54,57,0,,
54,57,0,55,57,0,,
54,57,0,54,58,0,,
54,57,0,54,57,1,,
54,58,0,55,58,0,,
54,58,0,54,59,0,,
54,58,0,54,58,1,,
54,59,0,55,59,0,,
54,59,0,54,60,0,,
54,59,0,54,59,1,,
54,60,0,55,60,0,,
54,60,0,54,61,0,,
54,60,0,54,60,1,,
55,2,0,55,3,0,,
55,3,0,56,3,0,,
55,3,0,55,4,0,,
55,3,0,55,3,1,,
55,4,0,56,4,0,,
55,4,0,55,5,0,,
55,4,0,55,4,1,,
55,5,0,56,5,0,,
55,5,0,55,6,0,,
55,5,0,55,5,1,,
55,6,0,56,6,0,,
55,6,0,55,7,0,,
55,6,0,55,6,1,,
55,10,0,55,11,0,,
55,11,0,56,11,0,,
55,11,0,55,12,0,,
55,11,0,55,11,1,,
55,11,1,55,12,1,,
55,12,0,56,12,0,,
55,12,0,55,13,0,,
55,12,0,55,12,1,,
55,12,1,56,12,1,,
55,12,1,55,13,1,,
55,13,0,56,13,0,,
55,13,0,55,14,0,,
55,13,0,55,13,1,,
55,13,1,56,13,1,,
55,13,1,55,14,1,,
55,14,0,56,14,0,,
55,14,0,55,15,0,,
55,14,0,55,14,1,,
55,14,1,56,14,1,,
55,14,1,55,15,1,,
55,15,0,55,15,1,,
55,15,1,56,15,1,,
55,15,1,55,16,1,,
55,23,1,55,24,1,,
55,24,0,55,24,1,,
55,24,1,56,24,1,,
55,24,1,55,25,1,,
55,25,0,55,25,1,,
55,25,1,56,25,1,,
55,25,1,55,26,1,,
55,26,0,55,26,1,,
55,26,1,56,26,1,,
55,26,1,55,27,1,,
55,27,0,55,27,1,,
55,27,1,56,27,1,,
55,27,1,55,28,1,,
55,33,0,56,33,0,,
55,34,0,56,34,0,,
55,40,0,55,41,0,,
55,41,0,56,41,0,,
55,41,0,55,42,0,,
55,41,0,55,41,1,,
55,42,0,56,42,0,,
55,42,0,55,43,0,,
55,42,0,55,42,1,,
55,56,0,55,57,0,,
55,57,0,56,57,0,,
55,57,0,55,58,0,,
55,57,0,55,57,1,,
55,58,0,56,58,0,,
55,58,0,55,59,0,,
55,58,0,55,58,1,,
55,59,0,56,59,0,,
55,59,0,55,60,0,,
55,59,0,55,59,1,,
55,60,0,56,60,0,,
55,60,0,55,61,0,,
55,60,0,55,60,1,,
56,2,0,56,3,0,,
56,3,0,57,3,0,,
56,3,0,56,4,0,,
56,3,0,56,3,1,,
56,4,0,57,4,0,,
56,4,0,56,5,0,,
56,4,0,56,4,1,,
56,5,0,57,5,0,,
56,5,0,56,6,0,,
56,5,0,56,5,1,,
56,6,0,57,6,0,,
56,6,0,56,7,0,,
56,6,0,56,6,1,,
56,10,0,56,11,0,,
56,11,0,57,11,0,,
56,11,0,56,12,0,,
56,11,0,56,11,1,,
56,12,0,57,12,0,,
56,12,0,56,13,0,,
56,12,0,56,12,1,,
56,13,0,57,13,0,,
56,13,0,56,14,0,,
56,13,0,56,13,1,,
56,14,0,57,14,0,,
56,14,0,56,15,0,,
56,14,0,56,14,1,,
56,20,0,57,20,0,,
56,21,0,57,21,0,,
56,22,0,57,22,0,,
56,23,0,57,23,0,,
56,26,0,57,26,0,,
56,27,0,57,27,0,,
56,28,0,57,28,0,,
56,29,0,57,29,0,,
56,32,0,56,33,0,,
56,33,0,57,33,0,,
56,33,0,56,34,0,,
56,33,0,56,33,1,,
56,34,0,57,34,0,,
56,34,0,56,35,0,,
56,34,0,56,34,1,,
56,37,0,57,37,0,,
56,38,0,57,38,0,,
56,46,1,57,46,1,,
56,47,1,57,47,1,,
56,48,1,57,48,1,,
56,49,1,57,49,1,,
56,51,0,57,51,0,,
56,52,0,57,52,0,,
56,53,0,57,53,0,,
56,54,0,57,54,0,,
56,54,1,57,54,1,,
56,55,1,57,55,1,,
56,56,0,56,57,0,,
56,57,0,57,57,0,,
56,57,0,56,58,0,,
56,57,0,56,57,1,,
56,58,0,57,58,0,,
56,58,0,56,59,0,,
56,58,0,56,58,1,,
56,59,0,57,59,0,,
56,59,0,56,60,0,,
56,59,0,56,59,1,,
56,59,1,57,59,1,,
56,60,0,57,60,0,,
56,60,0,56,61,0,,
56,60,0,56,60,1,,
56,60,1,57,60,1,,
56,61,1,57,61,1,,
56,62,1,57,62,1,,
57,19,0,57,20,0,,
57,20,0,58,20,0,,
57,20,0,57,21,0,,
57,20,0,57,20,1,,
57,21,0,58,21,0,,
57,21,0,57,22,0,,
57,21,0,57,21,1,,
57,21,1,58,21,1,,
57,22,0,58,22,0,,
57,22,0,57,23,0,,
57,22,0,57,22,1,,
57,22,1,58,22,1,,
57,23,0,58,23,0,,
57,23,0,57,24,0,,
57,23,0,57,23,1,,
57,23,1,58,23,1,,
57,24,1,58,24,1,,
57,25,0,57,26,0,,
57,26,0,58,26,0,,
57,26,0,57,27,0,,
57,26,0,57,26,1,,
57,27,0,58,27,0,,
57,27,0,57,28,0,,
57,27,0,57,27,1,,
57,28,0,58,28,0,,
57,28,0,57,29,0,,
57,28,0,57,28,1,,
57,29,0,58,29,0,,
57,29,0,57,30,0,,
57,29,0,57,29,1,,
57,29,1,58,29,1,,
57,30,1,58,30,1,,
57,36,0,57,37,0,,
57,37,0,58,37,0,,
57,37,0,57,38,0,,
57,37,0,57,37,1,,
57,38,0,58,38,0,,
57,38,0,57,39,0,,
57,38,0,57,38,1,,
57,45,1,57,46,1,,
57,46,0,57,46,1,,
57,46,1,58,46,1,,
57,46,1,57,47,1,,
57,47,0,57,47,1,,
57,47,1,58,47,1,,
57,47,1,57,48,1,,
57,48,0,57,48,1,,
57,48,1,58,48,1,,
57,48,1,57,49,1,,
57,49,0,57,49,1,,
57,49,1,58,49,1,,
57,49,1,57,50,1,,
57,50,0,57,51,0,,
57,51,0,58,51,0,,
57,51,0,57,52,0,,
57,51,0,57,51,1,,
57,52,0,58,52,0,,
57,52,0,57,53,0,,
57,52,0,57,52,1,,
57,53,0,58,53,0,,
57,53,0,57,54,0,,
57,53,0,57,53,1,,
57,53,1,57,54,1,,
57,54,0,58,54,0,,
57,54,0,57,55,0,,
57,54,0,57,54,1,,
57,54,1,58,54,1,,
57,54,1,57,55,1,,
57,55,0,57,55,1,,
57,55,1,58,55,1,,
57,55,1,57,56,1,,
57,56,0,57,57,0,,
57,57,0,58,57,0,,
57,57,0,57,58,0,,
57,57,0,57,57,1,,
57,58,0,58,58,0,,
57,58,0,57,59,0,,
57,58,0,57,58,1,,
57,58,1,57,59,1,,
57,59,0,58,59,0,,
57,59,0,57,60,0,,
57,59,0,57,59,1,,
57,59,1,58,59,1,,
57,59,1,57,60,1,,
57,60,0,58,60,0,,
57,60,0,57,61,0,,
57,60,0,57,60,1,,
57,60,1,58,60,1,,
57,60,1,57,61,1,,
57,61,0,57,61,1,,
57,61,1,58,61,1,,
57,61,1,57,62,1,,
57,62,0,57,62,1,,
57,62,1,58,62,1,,
57,62,1,57,63,1,,
58,5,0,59,5,0,,
58,6,0,59,6,0,,
58,6,1,59,6,1,,
58,7,1,59,7,1,,
58,9,0,59,9,0,,
58,10,0,59,10,0,,
58,11,0,59,11,0,,
58,12,0,59,12,0,,
58,13,1,59,13,1,,
58,14,1,59,14,1,,
58,15,1,59,15,1,,
58,16,1,59,16,1,,
58,19,0,58,20,0,,
58,20,0,59,20,0,,
58,20,0,58,21,0,,
58,20,0,58,20,1,,
58,20,1,58,21,1,,
58,21,0,59,21,0,,
58,21,0,58,22,0,,
58,21,0,58,21,1,,
58,21,1,59,21,1,,
58,21,1,58,22,1,,
58,22,0,59,22,0,,
58,22,0,58,23,0,,
58,22,0,58,22,1,,
58,22,1,59,22,1,,
58,22,1,58,23,1,,
58,23,0,59,23,0,,
58,23,0,58,24,0,,
58,23,0,58,23,1,,
58,23,1,59,23,1,,
58,23,1,58,24,1,,
58,24,0,58,24,1,,
58,24,1,59,24,1,,
58,24,1,58,25,1,,
58,25,0,58,26,0,,
58,26,0,59,26,0,,
58,26,0,58,27,0,,
58,26,0,58,26,1,,
58,27,0,59,27,0,,
58,27,0,58,28,0,,
58,27,0,58,27,1,,
58,28,0,59,28,0,,
58,28,0,58,29,0,,
58,28,0,58,28,1,,
58,28,1,58,29,1,,
58,29,0,59,29,0,,
58,29,0,58,30,0,,
58,29,0,58,29,1,,
58,29,1,59,29,1,,
58,29,1,58,30,1,,
58,30,0,58,30,1,,
58,30,1,59,30,1,,
58,30,1,58,31,1,,
58,36,1,59,36,1,,
58,37,1,59,37,1,,
58,45,1,58,46,1,,
58,46,0,58,46,1,,
58,46,1,59,46,1,,
58,46,1,58,47,1,,
58,47,0,58,47,1,,
58,47,1,59,47,1,,
58,47,1,58,48,1,,
58,48,0,58,48,1,,
58,48,1,59,48,1,,
58,48,1,58,49,1,,
58,49,0,58,49,1,,
58,49,1,59,49,1,,
58,49,1,58,50,1,,
58,50,0,58,51,0,,
58,51,0,59,51,0,,
58,51,0,58,52,0,,
58,51,0,58,51,1,,
58,52,0,59,52,0,,
58,52,0,58,53,0,,
58,52,0,58,52,1,,
58,53,0,59,53,0,,
58,53,0,58,54,0,,
58,53,0,58,53,1,,
58,54,0,59,54,0,,
58,54,0,58,55,0,,
58,54,0,58,54,1,,
58,58,1,58,59,1,,
58,59,0,58,59,1,,
58,59,1,59,59,1,,
58,59,1,58,60,1,,
58,60,0,58,60,1,,
58,60,1,59,60,1,,
58,60,1,58,61,1,,
58,61,0,58,61,1,,
58,61,1,59,61,1,,
58,61,1,58,62,1,,
58,62,0,58,62,1,,
58,62,1,59,62,1,,
58,62,1,58,63,1,,
59,4,0,59,5,0,,
59,5,0,60,5,0,,
59,5,0,59,6,0,,
59,5,0,59,5,1,,
59,5,1,59,6,1,,
59,6,0,60,6,0,,
59,6,0,59,7,0,,
59,6,0,59,6,1,,
59,6,1,60,6,1,,
59,6,1,59,7,1,,
59,7,0,59,7,1,,
59,7,1,60,7,1,,
59,7,1,59,8,1,,
59,8,0,59,9,0,,
59,9,0,60,9,0,,
59,9,0,59,10,0,,
59,9,0,59,9,1,,
59,10,0,60,10,0,,
59,10,0,59,11,0,,
59,10,0,59,10,1,,
59,11,0,60,11,0,,
59,11,0,59,12,0,,
59,11,0,59,11,1,,
59,12,0,60,12,0,,
59,12,0,59,13,0,,
59,12,0,59,12,1,,
59,12,1,59,13,1,,
59,13,0,59,13,1,,
59,13,1,60,13,1,,
59,13,1,59,14,1,,
59,14,0,59,14,1,,
59,14,1,60,14,1,,
59,14,1,59,15,1,,
59,15,0,59,15,1,,
59,15,1,60,15,1,,
59,15,1,59,16,1,,
59,16,0,59,16,1,,
59,16,1,60,16,1,,
59,16,1,59,17,1,,
59,19,0,59,20,0,,
59,20,0,60,20,0,,
59,20,0,59,21,0,,
59,20,0,59,20,1,,
59,20,1,59,21,1,,
59,21,0,60,21,0,,
59,21,0,59,22,0,,
59,21,0,59,21,1,,
59,21,1,60,21,1,,
59,21,1,59,22,1,,
59,22,0,60,22,0,,
59,22,0,59,23,0,,
59,22,0,59,22,1,,
59,22,1,60,22,1,,
59,22,1,59,23,1,,
59,23,0,60,23,0,,
59,23,0,59,24,0,,
59,23,0,59,23,1,,
59,23,1,60,23,1,,
59,23,1,59,24,1,,
59,24,0,59,24,1,,
59,24,1,60,24,1,,
59,24,1,59,25,1,,
59,25,0,59,26,0,,
59,26,0,60,26,0,,
59,26,0,59,27,0,,
59,26,0,59,26,1,,
59,27,0,60,27,0,,
59,27,0,59,28,0,,
59,27,0,59,27,1,,
59,28,0,60,28,0,,
59,28,0,59,29,0,,
59,28,0,59,28,1,,
59,29,0,60,29,0,,
59,29,0,59,30,0,,
59,29,0,59,29,1,,
59,35,1,59,36,1,,
59,36,0,59,36,1,,
59,36,1,60,36,1,,
59,36,1,59,37,1,,
59,37,0,59,37,1,,
59,37,1,60,37,1,,
59,37,1,59,38,1,,
59,45,1,59,46,1,,
59,46,0,59,46,1,,
59,46,1,60,46,1,,
59,46,1,59,47,1,,
59,47,0,59,47,1,,
59,47,1,60,47,1,,
59,47,1,59,48,1,,
59,48,0,59,48,1,,
59,48,1,60,48,1,,
59,48,1,59,49,1,,
59,49,0,59,49,1,,
59,49,1,60,49,1,,
59,49,1,59,50,1,,
59,50,0,59,51,0,,
59,51,0,60,51,0,,
59,51,0,59,52,0,,
59,51,0,59,51,1,,
59,52,0,60,52,0,,
59,52,0,59,53,0,,
59,52,0,59,52,1,,
59,53,0,60,53,0,,
59,53,0,59,54,0,,
59,53,0,59,53,1,,
59,54,0,60,54,0,,
59,54,0,59,55,0,,
59,54,0,59,54,1,,
59,58,1,59,59,1,,
59,59,0,59,59,1,,
59,59,1,60,59,1,,
59,59,1,59,60,1,,
59,60,0,59,60,1,,
59,60,1,60,60,1,,
59,60,1,59,61,1,,
59,61,0,59,61,1,,
59,61,1,60,61,1,,
59,61,1,59,62,1,,
59,62,0,59,62,1,,
59,62,1,60,62,1,,
59,62,1,59,63,1,,
60,8,0,60,9,0,,
60,9,0,61,9,0,,
60,9,0,60,10,0,,
60,9,0,60,9,1,,
60,10,0,61,10,0,,
60,10,0,60,11,0,,
60,10,0,60,10,1,,
60,11,0,61,11,0,,
60,11,0,60,12,0,,
60,11,0,60,11,1,,
60,12,0,61,12,0,,
60,12,0,60,13,0,,
60,12,0,60,12,1,,
60,12,1,60,13,1,,
60,13,0,60,13,1,,
60,13,1,61,13,1,,
60,13,1,60,14,1,,
60,14,0,60,14,1,,
60,14,1,61,14,1,,
60,14,1,60,15,1,,
60,15,0,60,15,1,,
60,15,1,61,15,1,,
60,15,1,60,16,1,,
60,16,0,61,16,0,,
60,16,0,60,16,1,,
60,16,1,61,16,1,,
60,16,1,60,17,1,,
60,17,0,61,17,0,,
60,19,0,60,20,0,,
60,20,0,61,20,0,,
60,20,0,60,21,0,,
60,20,0,60,20,1,,
60,20,1,60,21,1,,
60,21,0,61,21,0,,
60,21,0,60,22,0,,
60,21,0,60,21,1,,
60,21,1,61,21,1,,
60,21,1,60,22,1,,
60,22,0,61,22,0,,
60,22,0,60,23,0,,
60,22,0,60,22,1,,
60,22,1,61,22,1,,
60,22,1,60,23,1,,
60,23,0,61,23,0,,
60,23,0,60,24,0,,
60,23,0,60,23,1,,
60,23,1,61,23,1,,
60,23,1,60,24,1,,
60,24,0,60,24,1,,
60,24,1,61,24,1,,
60,24,1,60,25,1,,
60,25,0,60,26,0,,
60,26,0,61,26,0,,
60,26,0,60,27,0,,
60,26,0,60,26,1,,
60,27,0,61,27,0,,
60,27,0,60,28,0,,
60,27,0,60,27,1,,
60,28,0,61,28,0,,
60,28,0,60,29,0,,
60,28,0,60,28,1,,
60,29,0,61,29,0,,
60,29,0,60,30,0,,
60,29,0,60,29,1,,
60,33,0,61,33,0,,
60,34,0,61,34,0,,
60,42,0,61,42,0,,
60,43,0,61,43,0,,
60,45,1,60,46,1,,
60,46,0,60,46,1,,
60,46,1,61,46,1,,
60,46,1,60,47,1,,
60,47,0,60,47,1,,
60,47,1,61,47,1,,
60,47,1,60,48,1,,
60,48,0,60,48,1,,
60,48,1,61,48,1,,
60,48,1,60,49,1,,
60,49,0,60,49,1,,
60,49,1,61,49,1,,
60,49,1,60,50,1,,
60,50,0,60,51,0,,
60,51,0,61,51,0,,
60,51,0,60,52,0,,
60,51,0,60,51,1,,
60,52,0,61,52,0,,
60,52,0,60,53,0,,
60,52,0,60,52,1,,
60,53,0,61,53,0,,
60,53,0,60,54,0,,
60,53,0,60,53,1,,
60,54,0,61,54,0,,
60,54,0,60,55,0,,
60,54,0,60,54,1,,
60,58,1,60,59,1,,
60,59,0,60,59,1,,
60,59,1,61,59,1,,
60,59,1,60,60,1,,
60,60,0,60,60,1,,
60,60,1,61,60,1,,
60,60,1,60,61,1,,
60,61,0,60,61,1,,
60,61,1,61,61,1,,
60,61,1,60,62,1,,
60,62,0,60,62,1,,
60,62,1,61,62,1,,
60,62,1,60,63,1,,
61,5,1,62,5,1,,
61,6,1,62,6,1,,
61,8,0,61,9,0,,
61,9,0,62,9,0,,
61,9,0,61,10,0,,
61,9,0,61,9,1,,
61,10,0,62,10,0,,
61,10,0,61,11,0,,
61,10,0,61,10,1,,
61,11,0,62,11,0,,
61,11,0,61,12,0,,
61,11,0,61,11,1,,
61,12,0,62,12,0,,
61,12,0,61,13,0,,
61,12,0,61,12,1,,
61,12,1,61,13,1,,
61,13,0,61,13,1,,
61,13,1,62,13,1,,
61,13,1,61,14,1,,
61,14,0,61,14,1,,
61,14,1,62,14,1,,
61,14,1,61,15,1,,
61,15,0,61,16,0,,
61,15,0,61,15,1,,
61,15,1,62,15,1,,
61,15,1,61,16,1,,
61,16,0,62,16,0,,
61,16,0,61,17,0,,
61,16,0,61,16,1,,
61,16,1,62,16,1,,
61,16,1,61,17,1,,
61,17,0,62,17,0,,
61,17,0,61,18,0,,
61,17,0,61,17,1,,
61,20,1,61,21,1,,
61,21,0,61,21,1,,
61,21,1,62,21,1,,
61,21,1,61,22,1,,
61,22,0,61,22,1,,
61,22,1,62,22,1,,
61,22,1,61,23,1,,
61,23,0,61,23,1,,
61,23,1,62,23,1,,
61,23,1,61,24,1,,
61,24,0,61,24,1,,
61,24,1,62,24,1,,
61,24,1,61,25,1,,
61,32,0,61,33,0,,
61,33,0,62,33,0,,
61,33,0,61,34,0,,
61,33,0,61,33,1,,
61,34,0,62,34,0,,
61,34,0,61,35,0,,
61,34,0,61,34,1,,
61,41,0,61,42,0,,
61,42,0,62,42,0,,
61,42,0,61,43,0,,
61,42,0,61,42,1,,
61,42,1,62,42,1,,
61,43,0,62,43,0,,
61,43,0,61,44,0,,
61,43,0,61,43,1,,
61,43,1,62,43,1,,
62,4,1,62,5,1,,
62,5,0,62,5,1,,
62,5,1,63,5,1,,
62,5,1,62,6,1,,
62,6,0,62,6,1,,
62,6,1,63,6,1,,
62,6,1,62,7,1,,
62,8,0,62,9,0,,
62,9,0,63,9,0,,
62,9,0,62,10,0,,
62,9,0,62,9,1,,
62,10,0,63,10,0,,
62,10,0,62,11,0,,
62,10,0,62,10,1,,
62,11,0,63,11,0,,
62,11,0,62,12,0,,
62,11,0,62,11,1,,
62,12,0,63,12,0,,
62,12,0,62,13,0,,
62,12,0,62,12,1,,
62,12,1,62,13,1,,
62,13,0,62,13,1,,
62,13,1,63,13,1,,
62,13,1,62,14,1,,
62,14,0,62,14,1,,
62,14,1,63,14,1,,
62,14,1,62,15,1,,
62,15,0,62,15,1,,
62,15,1,63,15,1,,
62,15,1,62,16,1,,
62,16,0,62,16,1,,
62,16,1,63,16,1,,
62,16,1,62,17,1,,
62,41,1,62,42,1,,
62,42,0,62,42,1,,
62,42,1,63,42,1,,
62,42,1,62,43,1,,
62,43,0,62,43,1,,
62,43,1,63,43,1,,
62,43,1,62,44,1,,
